u_id,i_id,rating,timestamp
0,3,0.090,0.000
0,5,0.090,0.000
0,6,0.200,0.000
0,7,-0.030,0.000
0,8,0.030,0.000
0,10,-0.520,0.000
0,73,0.010,0.000
0,74,-0.180,0.000
0,101,0.040,0.000
0,102,0.010,0.000
0,104,0.080,0.000
0,118,0.060,0.000
0,120,0.030,0.000
0,121,0.050,0.000
0,122,0.010,0.000
0,123,-0.050,0.000
0,127,-0.270,0.000
0,138,0.070,0.000
0,139,-0.240,0.000
0,141,-0.010,0.000
0,146,0.060,0.000
0,214,-0.010,0.000
0,215,-0.310,0.000
0,217,-0.250,0.000
0,218,-0.340,0.000
0,219,0.060,0.000
0,266,-0.120,0.000
0,267,-0.150,0.000
0,280,0.090,0.000
0,282,0.050,0.000
0,285,0.100,0.000
0,286,-0.080,0.000
0,287,-0.040,0.000
0,288,0.000,0.000
0,290,0.080,0.000
0,291,-0.060,0.000
0,309,-0.090,0.000
0,310,0.050,0.000
0,312,0.090,0.000
0,327,-0.030,0.000
0,342,0.050,0.000
0,343,0.070,0.000
0,344,0.010,0.000
0,345,0.180,0.000
0,346,0.050,0.000
0,347,0.130,0.000
0,351,0.020,0.000
0,352,0.080,0.000
0,353,-0.010,0.000
0,356,-0.200,0.000
0,357,-0.240,0.000
0,358,-0.230,0.000
0,359,0.030,0.000
0,363,-0.040,0.000
0,364,-0.100,0.000
0,365,-0.140,0.000
0,378,-0.010,0.000
0,379,-0.400,0.000
0,381,-0.160,0.000
0,429,-0.050,0.000
0,430,-0.050,0.000
0,433,-0.050,0.000
0,450,0.170,0.000
0,451,0.140,0.000
0,470,-0.060,0.000
0,471,-0.220,0.000
0,494,0.050,0.000
0,495,0.130,0.000
0,502,-0.020,0.000
0,508,0.160,0.000
0,509,0.080,0.000
0,511,0.050,0.000
0,517,-0.050,0.000
0,518,0.060,0.000
0,520,-0.070,0.000
0,525,0.080,0.000
0,526,0.050,0.000
0,531,0.020,0.000
0,565,-0.130,0.000
0,566,0.090,0.000
0,568,0.140,0.000
0,604,-0.340,0.000
0,607,-0.010,0.000
0,608,0.040,0.000
0,657,0.000,0.000
0,659,0.040,0.000
0,660,0.040,0.000
0,661,-0.020,0.000
0,662,0.140,0.000
0,664,-0.040,0.000
0,673,-0.070,0.000
0,674,-0.080,0.000
0,675,-0.010,0.000
0,682,-0.040,0.000
0,683,0.040,0.000
0,685,-0.220,0.000
0,688,0.130,0.000
0,689,0.180,0.000
0,691,0.110,0.000
0,742,0.340,0.000
0,743,0.350,0.000
0,764,-0.110,0.000
0,809,-0.060,0.000
0,810,0.020,0.000
0,823,-0.180,0.000
0,824,-0.110,0.000
0,827,-0.190,0.000
0,828,-0.130,0.000
0,829,-0.030,0.000
0,840,0.010,0.000
0,841,0.040,0.000
0,864,-0.050,0.000
0,865,-0.050,0.000
0,913,0.040,0.000
0,914,0.040,0.000
0,917,0.010,0.000
0,918,0.110,0.000
0,919,0.040,0.000
0,921,0.040,0.000
0,922,0.010,0.000
0,923,-0.010,0.000
0,925,0.080,0.000
0,928,0.030,0.000
0,929,-0.010,0.000
0,948,-0.130,0.000
0,949,-0.120,0.000
0,951,-0.090,0.000
0,984,-0.140,0.000
0,997,0.040,0.000
0,1000,-0.100,0.000
0,1001,-0.130,0.000
0,1031,-0.050,0.000
0,1032,-0.190,0.000
0,1034,-0.310,0.000
0,1035,0.060,0.000
0,1053,-0.230,0.000
0,1054,0.010,0.000
0,1057,0.020,0.000
0,1058,-0.060,0.000
0,1060,-0.030,0.000
0,1067,-0.040,0.000
0,1068,-0.050,0.000
0,1070,-0.140,0.000
0,1130,-0.050,0.000
0,1131,-0.050,0.000
0,1147,-0.050,0.000
0,1175,0.090,0.000
0,1176,0.170,0.000
0,1177,0.030,0.000
0,1178,-0.060,0.000
0,1180,0.030,0.000
0,1183,-0.120,0.000
0,1227,0.310,0.000
0,1228,0.150,0.000
0,1253,0.020,0.000
0,1254,0.010,0.000
0,1256,-0.030,0.000
0,1364,-0.150,0.000
0,1366,-0.010,0.000
0,1367,0.070,0.000
0,1368,0.020,0.000
0,1369,0.110,0.000
0,1371,0.050,0.000
0,1395,0.340,0.000
0,1396,0.350,0.000
0,1444,0.120,0.000
0,1445,-0.190,0.000
0,1446,0.330,0.000
0,1474,0.070,0.000
0,1477,-0.040,0.000
0,1542,-0.020,0.000
0,1543,0.030,0.000
0,1551,-0.080,0.000
0,1552,0.120,0.000
0,1556,-0.160,0.000
0,1571,0.040,0.000
0,1572,0.060,0.000
0,1615,-0.160,0.000
0,1619,0.100,0.000
0,1620,0.110,0.000
0,1621,0.070,0.000
0,1639,0.020,0.000
0,1680,0.010,0.000
0,1681,0.020,0.000
0,1683,-0.160,0.000
0,1687,0.080,0.000
0,1701,0.120,0.000
0,1738,0.020,0.000
0,1741,0.120,0.000
0,1769,0.050,0.000
0,1792,0.000,0.000
0,1794,0.060,0.000
0,1795,0.090,0.000
0,1802,0.130,0.000
0,1804,0.000,0.000
0,1809,-0.100,0.000
0,1810,0.110,0.000
0,1811,0.050,0.000
0,1851,0.070,0.000
0,1853,-0.200,0.000
0,1854,0.070,0.000
0,1855,-0.030,0.000
0,1886,-0.170,0.000
0,1891,0.090,0.000
0,1894,0.090,0.000
0,1897,0.110,0.000
0,1899,-0.020,0.000
0,1900,-0.100,0.000
0,1901,-0.110,0.000
0,1902,0.150,0.000
0,1903,0.050,0.000
0,1912,-0.200,0.000
0,1915,-0.040,0.000
0,1916,0.060,0.000
0,1925,0.010,0.000
0,1926,0.030,0.000
0,1936,0.030,0.000
0,1937,0.110,0.000
0,1938,0.050,0.000
0,1939,-0.030,0.000
0,1940,0.030,0.000
0,1941,-0.170,0.000
0,1945,-0.140,0.000
0,1946,-0.100,0.000
0,1947,-0.150,0.000
0,1958,0.010,0.000
0,1960,0.030,0.000
0,1961,-0.030,0.000
0,1999,0.130,0.000
0,2003,-0.080,0.000
0,2004,0.080,0.000
0,2014,-0.020,0.000
0,2015,0.070,0.000
0,2019,-0.060,0.000
0,2020,0.000,0.000
0,2023,0.060,0.000
0,2024,-0.090,0.000
0,2025,-0.390,0.000
0,2027,0.050,0.000
0,2029,0.040,0.000
0,2030,0.050,0.000
0,2032,0.120,0.000
0,2033,0.120,0.000
0,2035,0.140,0.000
0,2037,-0.020,0.000
0,2059,0.040,0.000
0,2060,-0.020,0.000
0,2087,-0.170,0.000
0,2088,0.170,0.000
0,2090,0.100,0.000
0,2093,0.080,0.000
0,2094,0.030,0.000
0,2125,-0.010,0.000
0,2126,-0.120,0.000
0,2127,-0.020,0.000
0,2130,0.030,0.000
0,2132,0.000,0.000
0,2133,0.090,0.000
0,2135,0.010,0.000
0,2137,0.050,0.000
0,2138,0.150,0.000
0,2166,0.410,0.000
0,2173,-0.360,0.000
0,2194,0.050,0.000
0,2203,-0.080,0.000
0,2206,-0.060,0.000
0,2207,0.100,0.000
0,2208,-0.070,0.000
0,2223,0.060,0.000
0,2224,0.080,0.000
0,2239,0.000,0.000
0,2267,0.040,0.000
0,2269,0.060,0.000
0,2270,0.080,0.000
0,2272,0.080,0.000
0,2273,0.110,0.000
0,2274,0.020,0.000
0,2277,0.010,0.000
0,2288,0.080,0.000
0,2289,-0.060,0.000
0,2305,0.030,0.000
0,2314,0.030,0.000
0,2315,-0.210,0.000
0,2316,0.140,0.000
0,2332,-0.040,0.000
0,2334,0.000,0.000
0,2335,0.010,0.000
0,2336,0.090,0.000
0,2337,0.060,0.000
0,2338,0.070,0.000
0,2347,-0.050,0.000
0,2349,0.110,0.000
0,2351,-0.150,0.000
0,2352,0.150,0.000
0,2355,-0.010,0.000
0,2356,-0.100,0.000
0,2357,-0.020,0.000
0,2425,0.150,0.000
0,2435,0.090,0.000
0,2436,0.040,0.000
0,2437,0.020,0.000
0,2452,0.270,0.000
0,2453,0.040,0.000
0,2455,-0.340,0.000
0,2456,0.110,0.000
0,2458,0.300,0.000
0,2479,-0.050,0.000
0,2493,0.010,0.000
0,2495,-0.350,0.000
0,2496,-0.030,0.000
0,2586,0.330,0.000
0,2618,0.150,0.000
0,2619,0.250,0.000
0,2637,-0.080,0.000
0,2639,0.050,0.000
0,2676,0.090,0.000
0,2677,0.060,0.000
0,2681,0.100,0.000
0,2685,-0.030,0.000
0,2686,-0.120,0.000
0,2693,-0.040,0.000
0,2694,0.040,0.000
0,2695,0.000,0.000
0,2696,-0.180,0.000
0,2697,-0.210,0.000
1,3,0.040,0.000
1,6,-0.020,0.000
1,7,0.000,0.000
1,8,-0.100,0.000
1,10,-0.240,0.000
1,73,0.170,0.000
1,74,-0.210,0.000
1,101,0.020,0.000
1,102,0.020,0.000
1,104,0.030,0.000
1,118,0.020,0.000
1,120,0.000,0.000
1,121,0.040,0.000
1,122,0.130,0.000
1,123,-0.090,0.000
1,127,-0.030,0.000
1,138,-0.240,0.000
1,139,-0.210,0.000
1,141,-0.070,0.000
1,146,-0.260,0.000
1,214,0.020,0.000
1,215,-0.070,0.000
1,217,-0.490,0.000
1,218,-0.070,0.000
1,219,0.070,0.000
1,266,0.070,0.000
1,267,0.090,0.000
1,280,-0.070,0.000
1,282,-0.020,0.000
1,285,-0.300,0.000
1,286,-0.060,0.000
1,287,-0.160,0.000
1,288,0.000,0.000
1,290,0.070,0.000
1,291,-0.090,0.000
1,309,0.330,0.000
1,310,0.100,0.000
1,312,-0.070,0.000
1,327,0.310,0.000
1,342,-0.160,0.000
1,343,-0.100,0.000
1,344,-0.130,0.000
1,345,-0.130,0.000
1,346,-0.200,0.000
1,347,-0.100,0.000
1,351,-0.140,0.000
1,352,-0.170,0.000
1,353,0.030,0.000
1,356,0.110,0.000
1,357,0.480,0.000
1,358,0.320,0.000
1,359,0.150,0.000
1,363,0.040,0.000
1,364,-0.020,0.000
1,365,0.140,0.000
1,378,0.140,0.000
1,379,0.130,0.000
1,381,0.330,0.000
1,429,0.000,0.000
1,430,-0.050,0.000
1,433,-0.200,0.000
1,450,0.030,0.000
1,451,0.180,0.000
1,470,-0.010,0.000
1,471,-0.280,0.000
1,494,0.090,0.000
1,495,0.050,0.000
1,502,0.520,0.000
1,508,-0.110,0.000
1,509,-0.080,0.000
1,511,-0.040,0.000
1,517,-0.010,0.000
1,518,0.040,0.000
1,520,0.260,0.000
1,525,0.010,0.000
1,526,0.130,0.000
1,531,0.180,0.000
1,565,-0.310,0.000
1,566,-0.010,0.000
1,568,-0.140,0.000
1,604,0.140,0.000
1,607,0.010,0.000
1,608,0.130,0.000
1,657,-0.050,0.000
1,659,-0.030,0.000
1,660,-0.050,0.000
1,661,-0.060,0.000
1,662,-0.260,0.000
1,664,0.030,0.000
1,673,0.040,0.000
1,674,-0.030,0.000
1,675,0.010,0.000
1,682,0.090,0.000
1,683,0.190,0.000
1,685,-0.180,0.000
1,688,-0.260,0.000
1,689,-0.150,0.000
1,691,-0.070,0.000
1,742,0.100,0.000
1,743,0.070,0.000
1,764,0.240,0.000
1,809,0.050,0.000
1,810,0.190,0.000
1,823,0.080,0.000
1,824,0.070,0.000
1,827,0.230,0.000
1,828,0.250,0.000
1,829,0.070,0.000
1,840,0.080,0.000
1,841,0.010,0.000
1,864,0.030,0.000
1,865,0.110,0.000
1,913,-0.110,0.000
1,914,-0.070,0.000
1,917,-0.060,0.000
1,918,-0.300,0.000
1,919,-0.090,0.000
1,921,-0.110,0.000
1,922,-0.100,0.000
1,923,-0.110,0.000
1,925,-0.120,0.000
1,928,-0.080,0.000
1,929,0.020,0.000
1,948,0.110,0.000
1,949,0.050,0.000
1,951,0.100,0.000
1,984,-0.320,0.000
1,997,0.100,0.000
1,1000,0.000,0.000
1,1001,-0.020,0.000
1,1031,0.020,0.000
1,1032,0.230,0.000
1,1034,-0.030,0.000
1,1035,0.020,0.000
1,1053,-0.280,0.000
1,1054,0.000,0.000
1,1057,0.110,0.000
1,1058,-0.270,0.000
1,1060,-0.340,0.000
1,1067,0.000,0.000
1,1068,0.010,0.000
1,1070,0.050,0.000
1,1130,-0.130,0.000
1,1131,-0.030,0.000
1,1147,-0.100,0.000
1,1175,0.170,0.000
1,1176,0.240,0.000
1,1177,0.070,0.000
1,1178,-0.130,0.000
1,1180,0.080,0.000
1,1183,-0.050,0.000
1,1227,0.220,0.000
1,1228,0.200,0.000
1,1253,0.060,0.000
1,1254,0.480,0.000
1,1256,0.180,0.000
1,1364,-0.080,0.000
1,1366,-0.020,0.000
1,1367,-0.090,0.000
1,1368,-0.070,0.000
1,1369,0.040,0.000
1,1371,-0.060,0.000
1,1395,0.200,0.000
1,1396,0.230,0.000
1,1444,0.160,0.000
1,1445,0.010,0.000
1,1446,0.030,0.000
1,1474,-0.120,0.000
1,1477,0.070,0.000
1,1542,0.120,0.000
1,1543,0.110,0.000
1,1551,0.070,0.000
1,1552,-0.160,0.000
1,1556,0.090,0.000
1,1571,-0.040,0.000
1,1572,-0.090,0.000
1,1615,0.460,0.000
1,1619,-0.030,0.000
1,1620,0.000,0.000
1,1621,-0.150,0.000
1,1639,-0.230,0.000
1,1680,-0.060,0.000
1,1681,0.000,0.000
1,1683,0.070,0.000
1,1687,0.070,0.000
1,1701,-0.310,0.000
1,1738,0.230,0.000
1,1741,-0.080,0.000
1,1769,0.050,0.000
1,1792,-0.010,0.000
1,1794,-0.010,0.000
1,1795,0.010,0.000
1,1802,0.160,0.000
1,1804,-0.410,0.000
1,1809,-0.220,0.000
1,1810,-0.100,0.000
1,1811,0.010,0.000
1,1851,-0.030,0.000
1,1853,-0.240,0.000
1,1854,-0.210,0.000
1,1855,0.040,0.000
1,1886,0.150,0.000
1,1891,0.000,0.000
1,1894,-0.300,0.000
1,1897,-0.370,0.000
1,1899,-0.160,0.000
1,1900,0.050,0.000
1,1901,0.010,0.000
1,1902,0.090,0.000
1,1903,0.160,0.000
1,1912,0.280,0.000
1,1915,0.210,0.000
1,1916,0.060,0.000
1,1925,0.090,0.000
1,1926,0.100,0.000
1,1936,-0.150,0.000
1,1937,-0.200,0.000
1,1938,-0.010,0.000
1,1939,-0.110,0.000
1,1940,0.200,0.000
1,1941,0.140,0.000
1,1945,0.140,0.000
1,1946,-0.100,0.000
1,1947,-0.050,0.000
1,1958,0.150,0.000
1,1960,0.110,0.000
1,1961,0.200,0.000
1,1999,0.120,0.000
1,2003,-0.130,0.000
1,2004,0.010,0.000
1,2014,-0.150,0.000
1,2015,0.040,0.000
1,2019,0.110,0.000
1,2020,0.150,0.000
1,2023,-0.050,0.000
1,2024,-0.080,0.000
1,2025,-0.140,0.000
1,2027,0.030,0.000
1,2029,0.140,0.000
1,2030,0.130,0.000
1,2032,-0.110,0.000
1,2033,0.000,0.000
1,2035,0.120,0.000
1,2037,0.270,0.000
1,2059,0.000,0.000
1,2060,-0.040,0.000
1,2087,-0.020,0.000
1,2088,0.010,0.000
1,2090,-0.220,0.000
1,2093,0.000,0.000
1,2094,0.000,0.000
1,2125,-0.030,0.000
1,2126,0.130,0.000
1,2127,-0.050,0.000
1,2130,0.210,0.000
1,2132,0.220,0.000
1,2133,0.210,0.000
1,2135,0.100,0.000
1,2137,-0.100,0.000
1,2138,0.010,0.000
1,2166,0.170,0.000
1,2173,0.220,0.000
1,2194,0.080,0.000
1,2203,0.060,0.000
1,2206,0.140,0.000
1,2207,0.020,0.000
1,2208,0.120,0.000
1,2223,-0.270,0.000
1,2224,0.080,0.000
1,2239,0.160,0.000
1,2267,-0.040,0.000
1,2269,-0.100,0.000
1,2270,-0.060,0.000
1,2272,-0.080,0.000
1,2273,0.080,0.000
1,2274,0.170,0.000
1,2277,0.020,0.000
1,2288,-0.140,0.000
1,2289,-0.310,0.000
1,2305,-0.200,0.000
1,2314,-0.070,0.000
1,2315,-0.150,0.000
1,2316,0.060,0.000
1,2332,0.130,0.000
1,2334,-0.120,0.000
1,2335,0.090,0.000
1,2336,-0.130,0.000
1,2337,0.170,0.000
1,2338,0.090,0.000
1,2347,-0.080,0.000
1,2349,-0.110,0.000
1,2351,0.020,0.000
1,2352,-0.340,0.000
1,2355,0.020,0.000
1,2356,0.110,0.000
1,2357,0.010,0.000
1,2425,0.200,0.000
1,2435,-0.120,0.000
1,2436,-0.330,0.000
1,2437,-0.110,0.000
1,2452,0.270,0.000
1,2453,-0.100,0.000
1,2455,-0.400,0.000
1,2456,-0.100,0.000
1,2458,-0.140,0.000
1,2479,0.290,0.000
1,2493,0.050,0.000
1,2495,0.060,0.000
1,2496,0.160,0.000
1,2586,0.110,0.000
1,2618,-0.040,0.000
1,2619,0.030,0.000
1,2637,0.100,0.000
1,2639,-0.030,0.000
1,2676,-0.100,0.000
1,2677,0.150,0.000
1,2681,0.180,0.000
1,2685,0.190,0.000
1,2686,0.090,0.000
1,2693,-0.200,0.000
1,2694,0.010,0.000
1,2695,0.010,0.000
1,2696,0.070,0.000
1,2697,-0.150,0.000
2,3,-0.270,0.000
2,5,0.150,0.000
2,6,0.130,0.000
2,7,0.030,0.000
2,8,0.020,0.000
2,10,-0.040,0.000
2,73,-0.060,0.000
2,74,-0.310,0.000
2,101,0.060,0.000
2,102,0.060,0.000
2,104,-0.010,0.000
2,118,0.100,0.000
2,120,0.120,0.000
2,121,0.110,0.000
2,122,-0.010,0.000
2,123,0.180,0.000
2,127,0.300,0.000
2,138,-0.120,0.000
2,139,-0.150,0.000
2,141,-0.110,0.000
2,146,0.230,0.000
2,214,0.070,0.000
2,215,0.250,0.000
2,217,0.120,0.000
2,218,0.210,0.000
2,219,0.270,0.000
2,266,0.070,0.000
2,267,0.040,0.000
2,280,-0.130,0.000
2,282,-0.180,0.000
2,285,-0.110,0.000
2,286,0.040,0.000
2,287,0.000,0.000
2,288,0.070,0.000
2,290,0.070,0.000
2,291,0.150,0.000
2,309,0.120,0.000
2,310,0.010,0.000
2,312,-0.130,0.000
2,327,0.030,0.000
2,342,-0.340,0.000
2,343,-0.060,0.000
2,344,-0.140,0.000
2,345,-0.060,0.000
2,346,-0.150,0.000
2,347,-0.060,0.000
2,351,-0.140,0.000
2,352,-0.250,0.000
2,353,0.150,0.000
2,356,0.170,0.000
2,357,-0.060,0.000
2,358,0.090,0.000
2,359,-0.230,0.000
2,363,-0.080,0.000
2,364,0.050,0.000
2,365,0.290,0.000
2,378,-0.110,0.000
2,379,0.120,0.000
2,381,0.040,0.000
2,429,0.040,0.000
2,430,-0.290,0.000
2,433,0.180,0.000
2,450,0.060,0.000
2,451,0.080,0.000
2,470,0.080,0.000
2,471,0.050,0.000
2,494,0.010,0.000
2,495,0.060,0.000
2,502,-0.030,0.000
2,508,-0.060,0.000
2,509,0.100,0.000
2,511,0.270,0.000
2,517,-0.280,0.000
2,518,-0.070,0.000
2,520,-0.230,0.000
2,525,0.120,0.000
2,526,-0.160,0.000
2,531,-0.020,0.000
2,565,0.150,0.000
2,566,0.200,0.000
2,568,-0.200,0.000
2,604,-0.340,0.000
2,607,-0.060,0.000
2,608,-0.170,0.000
2,657,0.030,0.000
2,659,-0.080,0.000
2,660,-0.070,0.000
2,661,-0.090,0.000
2,662,-0.020,0.000
2,664,0.000,0.000
2,673,0.230,0.000
2,674,0.040,0.000
2,675,0.160,0.000
2,682,0.000,0.000
2,683,0.090,0.000
2,685,0.300,0.000
2,688,-0.270,0.000
2,689,-0.470,0.000
2,691,-0.140,0.000
2,742,-0.040,0.000
2,743,-0.010,0.000
2,764,-0.150,0.000
2,809,0.150,0.000
2,810,0.090,0.000
2,823,-0.010,0.000
2,824,0.030,0.000
2,827,0.240,0.000
2,828,0.150,0.000
2,829,0.040,0.000
2,840,-0.050,0.000
2,841,-0.430,0.000
2,864,0.170,0.000
2,865,0.180,0.000
2,913,-0.080,0.000
2,914,-0.070,0.000
2,917,-0.090,0.000
2,918,-0.080,0.000
2,919,-0.090,0.000
2,921,-0.080,0.000
2,922,0.050,0.000
2,923,-0.040,0.000
2,925,0.070,0.000
2,928,0.170,0.000
2,929,0.010,0.000
2,948,-0.250,0.000
2,949,0.030,0.000
2,951,0.060,0.000
2,984,-0.050,0.000
2,997,-0.210,0.000
2,1000,-0.040,0.000
2,1001,-0.100,0.000
2,1031,0.020,0.000
2,1032,0.040,0.000
2,1034,0.270,0.000
2,1035,0.090,0.000
2,1053,0.170,0.000
2,1054,0.220,0.000
2,1057,0.080,0.000
2,1058,-0.330,0.000
2,1060,-0.180,0.000
2,1067,0.290,0.000
2,1068,0.320,0.000
2,1070,0.260,0.000
2,1130,0.160,0.000
2,1131,0.250,0.000
2,1147,0.260,0.000
2,1175,0.240,0.000
2,1176,0.130,0.000
2,1177,0.110,0.000
2,1178,0.110,0.000
2,1180,0.110,0.000
2,1183,-0.100,0.000
2,1227,0.180,0.000
2,1228,0.200,0.000
2,1253,0.510,0.000
2,1254,0.190,0.000
2,1256,0.010,0.000
2,1364,-0.160,0.000
2,1366,-0.180,0.000
2,1367,-0.170,0.000
2,1368,-0.100,0.000
2,1369,-0.110,0.000
2,1371,-0.160,0.000
2,1395,-0.070,0.000
2,1396,0.000,0.000
2,1444,-0.110,0.000
2,1445,-0.180,0.000
2,1446,-0.110,0.000
2,1474,0.020,0.000
2,1477,0.160,0.000
2,1542,0.020,0.000
2,1543,0.060,0.000
2,1551,0.260,0.000
2,1552,-0.360,0.000
2,1556,0.300,0.000
2,1571,-0.010,0.000
2,1572,0.100,0.000
2,1615,0.020,0.000
2,1619,-0.130,0.000
2,1620,-0.210,0.000
2,1621,-0.280,0.000
2,1639,-0.170,0.000
2,1680,-0.060,0.000
2,1681,-0.180,0.000
2,1683,-0.150,0.000
2,1687,-0.060,0.000
2,1701,-0.120,0.000
2,1738,0.110,0.000
2,1741,-0.150,0.000
2,1769,0.030,0.000
2,1792,0.060,0.000
2,1794,0.030,0.000
2,1795,0.000,0.000
2,1802,-0.190,0.000
2,1804,0.010,0.000
2,1809,0.070,0.000
2,1810,-0.080,0.000
2,1811,0.160,0.000
2,1851,0.190,0.000
2,1853,0.200,0.000
2,1854,0.040,0.000
2,1855,0.260,0.000
2,1886,0.120,0.000
2,1891,-0.120,0.000
2,1894,-0.240,0.000
2,1897,-0.030,0.000
2,1899,0.020,0.000
2,1900,-0.080,0.000
2,1901,0.030,0.000
2,1902,-0.050,0.000
2,1903,-0.030,0.000
2,1912,0.010,0.000
2,1915,0.090,0.000
2,1916,-0.140,0.000
2,1925,0.080,0.000
2,1926,0.310,0.000
2,1936,-0.240,0.000
2,1937,-0.290,0.000
2,1938,-0.130,0.000
2,1939,0.160,0.000
2,1940,-0.530,0.000
2,1941,0.010,0.000
2,1945,0.260,0.000
2,1946,0.270,0.000
2,1947,0.420,0.000
2,1958,-0.060,0.000
2,1960,-0.280,0.000
2,1961,0.160,0.000
2,1999,0.060,0.000
2,2003,0.080,0.000
2,2004,0.070,0.000
2,2014,0.140,0.000
2,2015,0.040,0.000
2,2019,0.050,0.000
2,2020,0.090,0.000
2,2023,-0.100,0.000
2,2024,0.050,0.000
2,2025,0.110,0.000
2,2027,-0.150,0.000
2,2029,-0.130,0.000
2,2030,-0.190,0.000
2,2032,0.050,0.000
2,2033,-0.270,0.000
2,2035,-0.070,0.000
2,2037,0.110,0.000
2,2059,-0.110,0.000
2,2060,-0.070,0.000
2,2087,0.040,0.000
2,2088,-0.170,0.000
2,2090,-0.160,0.000
2,2093,-0.060,0.000
2,2094,-0.200,0.000
2,2125,0.160,0.000
2,2126,0.260,0.000
2,2127,0.050,0.000
2,2130,-0.120,0.000
2,2132,0.140,0.000
2,2133,0.250,0.000
2,2135,-0.020,0.000
2,2137,-0.580,0.000
2,2138,-0.590,0.000
2,2166,-0.060,0.000
2,2173,0.290,0.000
2,2194,-0.070,0.000
2,2203,0.090,0.000
2,2206,0.030,0.000
2,2207,0.030,0.000
2,2208,-0.080,0.000
2,2223,0.020,0.000
2,2224,0.160,0.000
2,2239,0.060,0.000
2,2267,-0.010,0.000
2,2269,-0.100,0.000
2,2270,-0.040,0.000
2,2272,-0.130,0.000
2,2273,-0.100,0.000
2,2274,-0.080,0.000
2,2277,0.070,0.000
2,2288,-0.110,0.000
2,2289,0.010,0.000
2,2305,0.140,0.000
2,2314,0.020,0.000
2,2315,0.170,0.000
2,2316,0.130,0.000
2,2332,0.100,0.000
2,2334,-0.070,0.000
2,2335,0.140,0.000
2,2336,-0.120,0.000
2,2337,0.120,0.000
2,2338,0.150,0.000
2,2347,0.210,0.000
2,2349,-0.390,0.000
2,2351,0.020,0.000
2,2352,-0.080,0.000
2,2355,0.280,0.000
2,2356,0.520,0.000
2,2357,0.120,0.000
2,2425,0.140,0.000
2,2435,0.080,0.000
2,2436,0.140,0.000
2,2437,0.150,0.000
2,2452,0.210,0.000
2,2453,0.050,0.000
2,2455,0.230,0.000
2,2456,0.170,0.000
2,2458,-0.140,0.000
2,2479,0.180,0.000
2,2493,0.250,0.000
2,2495,0.260,0.000
2,2496,0.210,0.000
2,2586,-0.110,0.000
2,2618,-0.150,0.000
2,2619,-0.130,0.000
2,2637,-0.240,0.000
2,2639,0.150,0.000
2,2676,-0.030,0.000
2,2677,0.010,0.000
2,2681,0.000,0.000
2,2685,0.180,0.000
2,2686,0.240,0.000
2,2693,0.020,0.000
2,2694,-0.090,0.000
2,2695,-0.130,0.000
2,2696,-0.100,0.000
2,2697,0.190,0.000
3,3,0.060,0.000
3,5,0.010,0.000
3,6,0.130,0.000
3,7,-0.120,0.000
3,8,-0.100,0.000
3,10,0.050,0.000
3,73,0.000,0.000
3,74,0.010,0.000
3,101,0.150,0.000
3,102,-0.050,0.000
3,104,-0.050,0.000
3,118,-0.060,0.000
3,120,0.040,0.000
3,121,0.420,0.000
3,122,0.070,0.000
3,123,0.390,0.000
3,127,-0.060,0.000
3,138,0.380,0.000
3,139,0.040,0.000
3,141,0.170,0.000
3,146,0.180,0.000
3,214,-0.310,0.000
3,215,-0.020,0.000
3,217,-0.300,0.000
3,218,0.030,0.000
3,219,-0.030,0.000
3,266,0.020,0.000
3,267,0.030,0.000
3,280,0.010,0.000
3,282,-0.150,0.000
3,285,-0.010,0.000
3,286,-0.120,0.000
3,287,-0.200,0.000
3,288,-0.210,0.000
3,290,0.070,0.000
3,291,-0.010,0.000
3,309,0.280,0.000
3,310,-0.070,0.000
3,312,0.000,0.000
3,327,0.010,0.000
3,342,0.030,0.000
3,343,-0.210,0.000
3,344,0.130,0.000
3,345,0.130,0.000
3,346,-0.100,0.000
3,347,0.320,0.000
3,351,-0.220,0.000
3,352,-0.290,0.000
3,353,0.080,0.000
3,356,0.320,0.000
3,357,0.190,0.000
3,358,0.170,0.000
3,359,-0.110,0.000
3,363,-0.010,0.000
3,364,0.040,0.000
3,365,-0.080,0.000
3,378,0.130,0.000
3,379,0.000,0.000
3,381,0.530,0.000
3,429,0.160,0.000
3,430,0.230,0.000
3,433,-0.110,0.000
3,450,-0.070,0.000
3,451,-0.130,0.000
3,470,0.090,0.000
3,471,0.050,0.000
3,494,0.010,0.000
3,495,0.220,0.000
3,502,0.100,0.000
3,508,0.030,0.000
3,509,0.120,0.000
3,511,0.040,0.000
3,517,0.040,0.000
3,518,0.140,0.000
3,520,-0.170,0.000
3,525,0.020,0.000
3,526,0.150,0.000
3,531,-0.180,0.000
3,565,0.070,0.000
3,566,0.080,0.000
3,568,0.010,0.000
3,604,0.050,0.000
3,607,0.100,0.000
3,608,0.020,0.000
3,657,0.270,0.000
3,659,0.210,0.000
3,660,0.210,0.000
3,661,0.190,0.000
3,662,0.100,0.000
3,664,0.170,0.000
3,673,0.150,0.000
3,674,0.060,0.000
3,675,-0.050,0.000
3,682,-0.070,0.000
3,683,-0.110,0.000
3,685,-0.050,0.000
3,688,0.240,0.000
3,689,0.260,0.000
3,691,0.010,0.000
3,742,-0.100,0.000
3,743,-0.080,0.000
3,764,-0.060,0.000
3,809,0.150,0.000
3,810,0.020,0.000
3,823,0.000,0.000
3,824,-0.010,0.000
3,827,0.000,0.000
3,828,0.240,0.000
3,829,-0.080,0.000
3,840,-0.120,0.000
3,841,-0.190,0.000
3,864,-0.160,0.000
3,865,0.050,0.000
3,913,0.130,0.000
3,914,0.160,0.000
3,917,0.000,0.000
3,918,-0.010,0.000
3,919,0.080,0.000
3,921,0.050,0.000
3,922,0.050,0.000
3,923,0.040,0.000
3,925,-0.040,0.000
3,928,0.110,0.000
3,929,-0.050,0.000
3,948,0.030,0.000
3,949,0.010,0.000
3,951,0.180,0.000
3,984,0.070,0.000
3,997,-0.150,0.000
3,1000,0.140,0.000
3,1001,0.100,0.000
3,1031,0.370,0.000
3,1032,0.560,0.000
3,1034,0.550,0.000
3,1035,0.100,0.000
3,1053,-0.110,0.000
3,1054,0.080,0.000
3,1057,0.090,0.000
3,1058,-0.110,0.000
3,1060,-0.140,0.000
3,1067,0.120,0.000
3,1068,0.210,0.000
3,1070,0.230,0.000
3,1130,-0.080,0.000
3,1131,0.030,0.000
3,1147,0.180,0.000
3,1175,0.000,0.000
3,1176,-0.090,0.000
3,1177,0.310,0.000
3,1178,-0.100,0.000
3,1180,-0.230,0.000
3,1183,-0.140,0.000
3,1227,0.120,0.000
3,1228,0.040,0.000
3,1253,-0.070,0.000
3,1254,-0.250,0.000
3,1256,-0.120,0.000
3,1364,0.080,0.000
3,1366,0.020,0.000
3,1367,-0.150,0.000
3,1368,0.040,0.000
3,1369,-0.140,0.000
3,1371,-0.030,0.000
3,1395,0.280,0.000
3,1396,0.210,0.000
3,1444,0.090,0.000
3,1445,0.100,0.000
3,1446,0.060,0.000
3,1474,0.060,0.000
3,1477,-0.060,0.000
3,1542,0.100,0.000
3,1543,0.000,0.000
3,1551,0.070,0.000
3,1552,0.030,0.000
3,1556,0.070,0.000
3,1571,-0.150,0.000
3,1572,-0.210,0.000
3,1615,0.120,0.000
3,1619,-0.020,0.000
3,1620,-0.180,0.000
3,1621,0.230,0.000
3,1639,0.000,0.000
3,1680,0.080,0.000
3,1681,0.050,0.000
3,1683,0.210,0.000
3,1687,-0.120,0.000
3,1701,0.330,0.000
3,1738,0.690,0.000
3,1741,0.020,0.000
3,1769,0.070,0.000
3,1792,0.180,0.000
3,1794,0.150,0.000
3,1795,-0.070,0.000
3,1802,-0.070,0.000
3,1804,0.000,0.000
3,1809,-0.010,0.000
3,1810,0.020,0.000
3,1811,0.100,0.000
3,1851,-0.270,0.000
3,1853,-0.020,0.000
3,1854,0.090,0.000
3,1855,-0.160,0.000
3,1886,0.110,0.000
3,1891,-0.030,0.000
3,1894,0.120,0.000
3,1897,0.100,0.000
3,1899,0.620,0.000
3,1900,-0.160,0.000
3,1901,0.330,0.000
3,1902,-0.030,0.000
3,1903,-0.050,0.000
3,1912,0.140,0.000
3,1915,0.110,0.000
3,1916,0.270,0.000
3,1925,-0.120,0.000
3,1926,0.020,0.000
3,1936,0.170,0.000
3,1937,-0.440,0.000
3,1938,0.010,0.000
3,1939,0.180,0.000
3,1940,0.120,0.000
3,1941,0.130,0.000
3,1945,0.080,0.000
3,1946,0.100,0.000
3,1947,0.120,0.000
3,1958,0.000,0.000
3,1960,-0.070,0.000
3,1961,0.070,0.000
3,1999,-0.030,0.000
3,2003,0.160,0.000
3,2004,0.080,0.000
3,2014,0.090,0.000
3,2015,0.090,0.000
3,2019,0.000,0.000
3,2020,0.060,0.000
3,2023,0.080,0.000
3,2024,-0.030,0.000
3,2025,-0.030,0.000
3,2027,0.100,0.000
3,2029,0.070,0.000
3,2030,-0.310,0.000
3,2032,-0.120,0.000
3,2033,-0.040,0.000
3,2035,0.260,0.000
3,2037,0.050,0.000
3,2059,-0.050,0.000
3,2060,-0.120,0.000
3,2087,-0.090,0.000
3,2088,0.170,0.000
3,2090,-0.090,0.000
3,2093,0.030,0.000
3,2094,0.000,0.000
3,2125,0.050,0.000
3,2126,0.160,0.000
3,2127,0.200,0.000
3,2130,-0.040,0.000
3,2132,-0.230,0.000
3,2133,0.010,0.000
3,2135,-0.010,0.000
3,2137,0.250,0.000
3,2138,0.250,0.000
3,2166,0.090,0.000
3,2173,0.020,0.000
3,2194,-0.040,0.000
3,2203,-0.100,0.000
3,2206,0.300,0.000
3,2207,-0.270,0.000
3,2208,0.190,0.000
3,2223,-0.220,0.000
3,2224,-0.220,0.000
3,2239,-0.110,0.000
3,2267,0.240,0.000
3,2269,0.070,0.000
3,2270,0.070,0.000
3,2272,-0.040,0.000
3,2273,0.340,0.000
3,2274,0.180,0.000
3,2277,-0.010,0.000
3,2288,0.050,0.000
3,2289,-0.090,0.000
3,2305,-0.030,0.000
3,2314,-0.040,0.000
3,2315,0.110,0.000
3,2316,0.080,0.000
3,2332,0.450,0.000
3,2334,0.180,0.000
3,2335,0.630,0.000
3,2336,0.030,0.000
3,2337,0.000,0.000
3,2338,0.000,0.000
3,2347,0.110,0.000
3,2349,0.040,0.000
3,2351,0.100,0.000
3,2352,0.000,0.000
3,2355,0.330,0.000
3,2356,0.080,0.000
3,2357,0.100,0.000
3,2425,0.030,0.000
3,2435,-0.010,0.000
3,2436,-0.150,0.000
3,2437,0.070,0.000
3,2452,-0.150,0.000
3,2453,-0.160,0.000
3,2455,0.030,0.000
3,2456,0.080,0.000
3,2458,0.150,0.000
3,2479,-0.050,0.000
3,2493,-0.030,0.000
3,2495,-0.180,0.000
3,2496,-0.050,0.000
3,2586,-0.120,0.000
3,2618,0.000,0.000
3,2619,0.090,0.000
3,2637,0.510,0.000
3,2639,-0.100,0.000
3,2676,-0.100,0.000
3,2677,0.000,0.000
3,2681,-0.110,0.000
3,2685,-0.020,0.000
3,2686,0.390,0.000
3,2693,0.140,0.000
3,2694,0.010,0.000
3,2695,0.280,0.000
3,2696,0.210,0.000
3,2697,0.040,0.000
4,3,0.390,0.000
4,6,-0.120,0.000
4,7,0.270,0.000
4,8,0.190,0.000
4,10,0.100,0.000
4,73,0.260,0.000
4,74,-0.050,0.000
4,101,0.160,0.000
4,102,0.140,0.000
4,104,0.240,0.000
4,118,0.120,0.000
4,120,-0.080,0.000
4,121,0.160,0.000
4,122,0.070,0.000
4,123,-0.070,0.000
4,127,-0.040,0.000
4,138,-0.650,0.000
4,139,0.190,0.000
4,141,0.030,0.000
4,146,0.210,0.000
4,214,-0.030,0.000
4,215,0.270,0.000
4,217,0.490,0.000
4,218,-0.080,0.000
4,219,0.100,0.000
4,266,0.190,0.000
4,267,0.360,0.000
4,280,0.000,0.000
4,282,-0.090,0.000
4,285,-0.470,0.000
4,286,0.280,0.000
4,287,-0.030,0.000
4,288,0.250,0.000
4,290,0.030,0.000
4,291,0.180,0.000
4,309,0.170,0.000
4,310,0.040,0.000
4,312,0.260,0.000
4,327,-0.030,0.000
4,342,0.140,0.000
4,343,0.040,0.000
4,344,0.170,0.000
4,345,0.070,0.000
4,346,0.080,0.000
4,347,0.140,0.000
4,351,0.160,0.000
4,352,0.190,0.000
4,353,0.260,0.000
4,356,0.340,0.000
4,357,0.180,0.000
4,358,0.110,0.000
4,359,0.420,0.000
4,363,-0.040,0.000
4,364,0.050,0.000
4,365,-0.070,0.000
4,378,0.000,0.000
4,379,0.170,0.000
4,381,-0.140,0.000
4,429,-0.110,0.000
4,430,0.410,0.000
4,433,0.470,0.000
4,450,0.320,0.000
4,451,0.690,0.000
4,470,0.250,0.000
4,471,0.280,0.000
4,494,0.180,0.000
4,495,0.220,0.000
4,502,0.340,0.000
4,508,-0.030,0.000
4,509,0.090,0.000
4,511,0.170,0.000
4,517,0.130,0.000
4,518,0.120,0.000
4,520,-0.290,0.000
4,525,-0.010,0.000
4,526,0.220,0.000
4,531,0.390,0.000
4,565,-0.180,0.000
4,566,0.030,0.000
4,568,0.080,0.000
4,604,0.480,0.000
4,607,0.270,0.000
4,608,0.500,0.000
4,657,0.260,0.000
4,659,-0.030,0.000
4,660,0.020,0.000
4,661,0.100,0.000
4,662,-0.010,0.000
4,664,0.120,0.000
4,673,-0.010,0.000
4,674,-0.010,0.000
4,675,0.050,0.000
4,682,0.600,0.000
4,683,0.360,0.000
4,685,0.490,0.000
4,688,0.280,0.000
4,689,0.370,0.000
4,691,0.140,0.000
4,742,0.160,0.000
4,743,0.010,0.000
4,764,0.300,0.000
4,809,0.000,0.000
4,810,0.220,0.000
4,823,0.190,0.000
4,824,0.120,0.000
4,827,-0.170,0.000
4,828,-0.190,0.000
4,829,0.070,0.000
4,840,0.370,0.000
4,841,0.230,0.000
4,864,0.120,0.000
4,865,0.310,0.000
4,913,0.130,0.000
4,914,0.240,0.000
4,917,0.220,0.000
4,918,0.000,0.000
4,919,0.200,0.000
4,921,0.230,0.000
4,922,0.290,0.000
4,923,-0.060,0.000
4,925,0.430,0.000
4,928,0.070,0.000
4,929,0.170,0.000
4,948,0.030,0.000
4,949,-0.130,0.000
4,951,-0.250,0.000
4,984,0.040,0.000
4,997,0.270,0.000
4,1000,0.260,0.000
4,1001,0.140,0.000
4,1031,0.080,0.000
4,1032,-0.060,0.000
4,1034,0.210,0.000
4,1035,-0.390,0.000
4,1053,0.080,0.000
4,1054,0.470,0.000
4,1057,0.220,0.000
4,1058,-0.180,0.000
4,1060,-0.100,0.000
4,1067,-0.020,0.000
4,1068,-0.180,0.000
4,1070,-0.260,0.000
4,1130,-0.160,0.000
4,1131,-0.070,0.000
4,1147,0.420,0.000
4,1175,0.430,0.000
4,1176,0.420,0.000
4,1177,-0.230,0.000
4,1178,-0.160,0.000
4,1180,0.010,0.000
4,1183,0.150,0.000
4,1227,-0.010,0.000
4,1228,0.040,0.000
4,1253,-0.120,0.000
4,1254,0.020,0.000
4,1256,0.270,0.000
4,1364,0.250,0.000
4,1366,0.100,0.000
4,1367,0.100,0.000
4,1368,0.060,0.000
4,1369,0.170,0.000
4,1371,0.260,0.000
4,1395,0.110,0.000
4,1396,0.150,0.000
4,1444,-0.070,0.000
4,1445,-0.010,0.000
4,1446,-0.040,0.000
4,1474,0.220,0.000
4,1477,0.270,0.000
4,1542,0.340,0.000
4,1543,0.250,0.000
4,1551,-0.110,0.000
4,1552,-0.010,0.000
4,1556,-0.030,0.000
4,1571,0.120,0.000
4,1572,0.250,0.000
4,1615,0.000,0.000
4,1619,0.100,0.000
4,1620,0.150,0.000
4,1621,0.270,0.000
4,1639,-0.330,0.000
4,1680,0.090,0.000
4,1681,0.250,0.000
4,1683,0.120,0.000
4,1687,-0.210,0.000
4,1701,0.030,0.000
4,1738,-0.310,0.000
4,1741,0.170,0.000
4,1769,0.120,0.000
4,1792,0.020,0.000
4,1794,0.060,0.000
4,1795,-0.140,0.000
4,1802,0.010,0.000
4,1804,0.020,0.000
4,1809,0.220,0.000
4,1810,0.010,0.000
4,1811,0.080,0.000
4,1851,-0.040,0.000
4,1853,-0.130,0.000
4,1854,-0.200,0.000
4,1855,0.180,0.000
4,1886,0.110,0.000
4,1891,-0.070,0.000
4,1894,-0.180,0.000
4,1897,-0.140,0.000
4,1899,-0.130,0.000
4,1900,0.050,0.000
4,1901,-0.030,0.000
4,1902,0.070,0.000
4,1903,0.070,0.000
4,1912,0.140,0.000
4,1915,0.110,0.000
4,1916,0.100,0.000
4,1925,0.070,0.000
4,1926,0.130,0.000
4,1936,0.170,0.000
4,1937,0.110,0.000
4,1938,0.130,0.000
4,1939,0.060,0.000
4,1940,-0.730,0.000
4,1941,0.070,0.000
4,1945,-0.040,0.000
4,1946,-0.040,0.000
4,1947,-0.130,0.000
4,1958,0.110,0.000
4,1960,-0.040,0.000
4,1961,-0.070,0.000
4,1999,0.210,0.000
4,2003,0.210,0.000
4,2004,0.110,0.000
4,2014,-0.020,0.000
4,2015,-0.230,0.000
4,2019,0.030,0.000
4,2020,0.230,0.000
4,2023,-0.180,0.000
4,2024,-0.310,0.000
4,2025,-0.040,0.000
4,2027,0.040,0.000
4,2029,0.070,0.000
4,2030,0.160,0.000
4,2032,0.060,0.000
4,2033,0.050,0.000
4,2035,0.130,0.000
4,2037,0.110,0.000
4,2059,0.020,0.000
4,2060,0.070,0.000
4,2087,0.070,0.000
4,2088,0.230,0.000
4,2090,0.210,0.000
4,2093,0.120,0.000
4,2094,0.300,0.000
4,2125,-0.130,0.000
4,2126,-0.030,0.000
4,2127,0.010,0.000
4,2130,0.300,0.000
4,2132,0.180,0.000
4,2133,0.230,0.000
4,2135,0.110,0.000
4,2137,0.300,0.000
4,2138,0.290,0.000
4,2166,0.060,0.000
4,2173,0.030,0.000
4,2194,0.120,0.000
4,2203,0.190,0.000
4,2206,-0.060,0.000
4,2207,0.000,0.000
4,2208,-0.030,0.000
4,2223,0.280,0.000
4,2224,0.320,0.000
4,2239,0.150,0.000
4,2267,0.190,0.000
4,2269,0.210,0.000
4,2270,0.270,0.000
4,2272,0.110,0.000
4,2273,0.140,0.000
4,2274,-0.060,0.000
4,2277,-0.050,0.000
4,2288,0.060,0.000
4,2289,-0.270,0.000
4,2305,-0.150,0.000
4,2314,-0.050,0.000
4,2315,-0.210,0.000
4,2316,0.130,0.000
4,2332,-0.150,0.000
4,2334,-0.220,0.000
4,2335,-0.200,0.000
4,2336,0.090,0.000
4,2337,-0.130,0.000
4,2338,0.090,0.000
4,2347,0.280,0.000
4,2349,0.150,0.000
4,2351,0.160,0.000
4,2352,-0.130,0.000
4,2355,-0.120,0.000
4,2356,-0.190,0.000
4,2357,-0.010,0.000
4,2425,-0.070,0.000
4,2435,0.090,0.000
4,2436,0.120,0.000
4,2437,0.260,0.000
4,2452,0.190,0.000
4,2453,0.020,0.000
4,2455,-0.010,0.000
4,2456,0.070,0.000
4,2458,0.220,0.000
4,2479,-0.060,0.000
4,2493,-0.170,0.000
4,2495,-0.110,0.000
4,2496,-0.130,0.000
4,2586,-0.010,0.000
4,2618,-0.110,0.000
4,2619,0.130,0.000
4,2637,-0.130,0.000
4,2639,0.110,0.000
4,2676,-0.130,0.000
4,2677,0.270,0.000
4,2681,-0.090,0.000
4,2685,-0.060,0.000
4,2686,0.120,0.000
4,2693,0.200,0.000
4,2694,0.060,0.000
4,2695,0.220,0.000
4,2696,0.170,0.000
4,2697,-0.370,0.000
5,3,0.040,0.000
5,6,-0.120,0.000
5,7,0.100,0.000
5,8,-0.020,0.000
5,10,-0.050,0.000
5,73,0.070,0.000
5,74,-0.140,0.000
5,101,0.110,0.000
5,102,0.050,0.000
5,104,0.170,0.000
5,118,-0.110,0.000
5,120,-0.060,0.000
5,121,0.130,0.000
5,122,0.200,0.000
5,123,-0.130,0.000
5,127,-0.250,0.000
5,138,-0.040,0.000
5,139,-0.380,0.000
5,141,0.090,0.000
5,146,0.190,0.000
5,214,-0.060,0.000
5,215,-0.260,0.000
5,217,-0.400,0.000
5,218,-0.430,0.000
5,219,-0.080,0.000
5,266,-0.060,0.000
5,267,0.010,0.000
5,280,0.170,0.000
5,282,0.070,0.000
5,285,0.060,0.000
5,286,-0.090,0.000
5,287,0.040,0.000
5,288,0.090,0.000
5,290,0.170,0.000
5,291,0.110,0.000
5,309,0.020,0.000
5,310,-0.030,0.000
5,312,-0.050,0.000
5,327,-0.050,0.000
5,342,0.100,0.000
5,343,-0.010,0.000
5,344,0.100,0.000
5,345,0.060,0.000
5,346,0.110,0.000
5,347,0.000,0.000
5,351,0.200,0.000
5,352,-0.010,0.000
5,353,0.110,0.000
5,356,0.020,0.000
5,357,-0.140,0.000
5,358,-0.180,0.000
5,359,0.200,0.000
5,363,0.130,0.000
5,364,-0.010,0.000
5,365,-0.180,0.000
5,378,-0.040,0.000
5,379,-0.100,0.000
5,381,-0.100,0.000
5,429,-0.110,0.000
5,430,0.210,0.000
5,433,-0.010,0.000
5,450,0.550,0.000
5,451,0.470,0.000
5,470,0.130,0.000
5,471,-0.040,0.000
5,494,0.160,0.000
5,495,0.180,0.000
5,502,0.040,0.000
5,508,0.190,0.000
5,509,0.150,0.000
5,511,0.170,0.000
5,517,0.120,0.000
5,518,-0.030,0.000
5,520,-0.210,0.000
5,525,0.050,0.000
5,526,0.100,0.000
5,531,-0.080,0.000
5,565,-0.180,0.000
5,566,0.020,0.000
5,568,0.180,0.000
5,604,-0.720,0.000
5,607,0.180,0.000
5,608,0.170,0.000
5,657,0.180,0.000
5,659,0.100,0.000
5,660,0.130,0.000
5,661,0.170,0.000
5,662,0.200,0.000
5,664,0.050,0.000
5,673,-0.100,0.000
5,674,-0.060,0.000
5,675,-0.010,0.000
5,682,0.200,0.000
5,683,0.110,0.000
5,685,-0.030,0.000
5,688,0.160,0.000
5,689,0.240,0.000
5,691,0.150,0.000
5,742,0.540,0.000
5,743,0.490,0.000
5,764,-0.350,0.000
5,809,-0.120,0.000
5,810,-0.070,0.000
5,823,-0.120,0.000
5,824,-0.060,0.000
5,827,-0.360,0.000
5,828,-0.210,0.000
5,829,-0.130,0.000
5,840,-0.020,0.000
5,841,0.130,0.000
5,864,0.070,0.000
5,865,0.070,0.000
5,913,0.200,0.000
5,914,0.180,0.000
5,917,0.220,0.000
5,918,0.210,0.000
5,919,0.210,0.000
5,921,0.240,0.000
5,922,0.120,0.000
5,923,0.050,0.000
5,925,0.150,0.000
5,928,0.100,0.000
5,929,0.060,0.000
5,948,0.080,0.000
5,949,-0.100,0.000
5,951,-0.020,0.000
5,984,0.040,0.000
5,997,0.250,0.000
5,1000,0.210,0.000
5,1001,-0.060,0.000
5,1031,0.010,0.000
5,1032,-0.100,0.000
5,1034,-0.270,0.000
5,1035,-0.150,0.000
5,1053,-0.290,0.000
5,1054,0.060,0.000
5,1057,0.030,0.000
5,1058,0.070,0.000
5,1060,0.050,0.000
5,1067,0.040,0.000
5,1068,-0.170,0.000
5,1070,-0.190,0.000
5,1130,-0.170,0.000
5,1131,-0.110,0.000
5,1147,0.250,0.000
5,1175,0.170,0.000
5,1176,0.480,0.000
5,1177,0.020,0.000
5,1178,-0.390,0.000
5,1180,-0.060,0.000
5,1183,0.220,0.000
5,1227,0.370,0.000
5,1228,0.300,0.000
5,1253,-0.140,0.000
5,1254,-0.040,0.000
5,1256,0.080,0.000
5,1364,-0.020,0.000
5,1366,0.070,0.000
5,1367,0.110,0.000
5,1368,0.120,0.000
5,1369,0.150,0.000
5,1371,0.140,0.000
5,1395,0.640,0.000
5,1396,0.530,0.000
5,1444,0.170,0.000
5,1445,-0.270,0.000
5,1446,0.510,0.000
5,1474,0.130,0.000
5,1477,0.060,0.000
5,1542,0.240,0.000
5,1543,0.130,0.000
5,1551,-0.170,0.000
5,1552,0.190,0.000
5,1556,-0.160,0.000
5,1571,0.100,0.000
5,1572,0.170,0.000
5,1615,-0.180,0.000
5,1619,0.300,0.000
5,1620,0.290,0.000
5,1621,0.240,0.000
5,1639,0.060,0.000
5,1680,0.220,0.000
5,1681,0.220,0.000
5,1683,0.070,0.000
5,1687,-0.030,0.000
5,1701,0.220,0.000
5,1738,0.010,0.000
5,1741,0.010,0.000
5,1769,0.170,0.000
5,1792,0.090,0.000
5,1794,0.110,0.000
5,1795,0.040,0.000
5,1802,0.130,0.000
5,1804,-0.060,0.000
5,1809,0.150,0.000
5,1810,0.080,0.000
5,1811,0.120,0.000
5,1851,0.020,0.000
5,1853,-0.650,0.000
5,1854,0.070,0.000
5,1855,-0.030,0.000
5,1886,-0.010,0.000
5,1891,0.130,0.000
5,1894,0.130,0.000
5,1897,0.180,0.000
5,1899,-0.080,0.000
5,1900,0.040,0.000
5,1901,-0.040,0.000
5,1902,0.130,0.000
5,1903,0.180,0.000
5,1912,-0.130,0.000
5,1915,0.050,0.000
5,1916,0.100,0.000
5,1925,0.080,0.000
5,1926,-0.030,0.000
5,1936,0.280,0.000
5,1937,0.240,0.000
5,1938,0.170,0.000
5,1939,0.020,0.000
5,1940,-0.210,0.000
5,1941,0.000,0.000
5,1945,-0.180,0.000
5,1946,-0.220,0.000
5,1947,-0.350,0.000
5,1958,0.040,0.000
5,1960,0.030,0.000
5,1961,-0.070,0.000
5,1999,0.230,0.000
5,2003,-0.100,0.000
5,2004,0.070,0.000
5,2014,-0.060,0.000
5,2015,0.040,0.000
5,2019,0.150,0.000
5,2020,0.160,0.000
5,2023,0.080,0.000
5,2024,0.010,0.000
5,2025,-0.300,0.000
5,2027,0.070,0.000
5,2029,0.080,0.000
5,2030,0.100,0.000
5,2032,0.060,0.000
5,2033,0.060,0.000
5,2035,0.100,0.000
5,2037,0.050,0.000
5,2059,0.050,0.000
5,2060,0.120,0.000
5,2087,-0.240,0.000
5,2088,0.170,0.000
5,2090,0.230,0.000
5,2093,0.150,0.000
5,2094,0.240,0.000
5,2125,-0.100,0.000
5,2126,-0.150,0.000
5,2127,0.050,0.000
5,2130,0.070,0.000
5,2132,0.070,0.000
5,2133,0.100,0.000
5,2135,0.010,0.000
5,2137,0.120,0.000
5,2138,0.240,0.000
5,2166,0.490,0.000
5,2173,-0.650,0.000
5,2194,-0.180,0.000
5,2203,-0.080,0.000
5,2206,-0.230,0.000
5,2207,0.100,0.000
5,2208,-0.150,0.000
5,2223,0.260,0.000
5,2224,0.100,0.000
5,2239,0.090,0.000
5,2267,0.230,0.000
5,2269,0.280,0.000
5,2270,0.230,0.000
5,2272,0.230,0.000
5,2273,0.080,0.000
5,2274,0.080,0.000
5,2277,-0.020,0.000
5,2288,0.080,0.000
5,2289,-0.050,0.000
5,2305,-0.140,0.000
5,2314,0.010,0.000
5,2315,-0.140,0.000
5,2316,0.090,0.000
5,2332,-0.070,0.000
5,2334,-0.040,0.000
5,2335,-0.100,0.000
5,2336,0.140,0.000
5,2337,0.020,0.000
5,2338,0.010,0.000
5,2347,-0.170,0.000
5,2349,0.150,0.000
5,2351,0.070,0.000
5,2352,0.240,0.000
5,2355,-0.050,0.000
5,2356,-0.220,0.000
5,2357,0.090,0.000
5,2425,0.250,0.000
5,2435,0.150,0.000
5,2436,0.180,0.000
5,2437,0.090,0.000
5,2452,0.440,0.000
5,2453,-0.010,0.000
5,2455,-0.830,0.000
5,2456,0.100,0.000
5,2458,0.520,0.000
5,2479,-0.030,0.000
5,2493,-0.230,0.000
5,2495,-0.290,0.000
5,2496,0.020,0.000
5,2586,0.480,0.000
5,2618,0.090,0.000
5,2619,0.500,0.000
5,2637,-0.070,0.000
5,2639,-0.030,0.000
5,2676,0.220,0.000
5,2677,0.200,0.000
5,2681,0.050,0.000
5,2685,-0.020,0.000
5,2686,-0.120,0.000
5,2693,0.070,0.000
5,2694,0.010,0.000
5,2695,0.060,0.000
5,2696,-0.030,0.000
5,2697,-0.570,0.000
6,3,0.050,0.000
6,5,0.170,0.000
6,6,0.330,0.000
6,7,-0.030,0.000
6,8,-0.060,0.000
6,10,-0.070,0.000
6,73,-0.040,0.000
6,74,0.020,0.000
6,101,0.060,0.000
6,102,0.070,0.000
6,104,0.160,0.000
6,118,0.130,0.000
6,120,0.080,0.000
6,121,0.060,0.000
6,122,0.060,0.000
6,123,0.090,0.000
6,127,0.160,0.000
6,138,0.090,0.000
6,139,-0.260,0.000
6,141,-0.090,0.000
6,146,0.090,0.000
6,214,0.080,0.000
6,215,-0.100,0.000
6,217,-0.360,0.000
6,218,0.020,0.000
6,219,0.090,0.000
6,266,-0.070,0.000
6,267,0.070,0.000
6,280,-0.010,0.000
6,282,0.030,0.000
6,285,0.220,0.000
6,286,-0.010,0.000
6,287,0.040,0.000
6,288,0.060,0.000
6,290,-0.060,0.000
6,291,0.010,0.000
6,309,-0.040,0.000
6,310,0.090,0.000
6,312,-0.010,0.000
6,327,-0.050,0.000
6,342,-0.090,0.000
6,343,-0.050,0.000
6,344,-0.060,0.000
6,345,0.130,0.000
6,346,-0.010,0.000
6,347,0.150,0.000
6,351,-0.020,0.000
6,352,-0.060,0.000
6,353,-0.030,0.000
6,356,0.030,0.000
6,357,-0.130,0.000
6,358,-0.140,0.000
6,359,0.010,0.000
6,363,-0.070,0.000
6,364,0.080,0.000
6,365,0.010,0.000
6,378,-0.060,0.000
6,379,0.070,0.000
6,381,-0.090,0.000
6,429,-0.030,0.000
6,430,-0.150,0.000
6,433,0.170,0.000
6,450,-0.100,0.000
6,451,-0.110,0.000
6,470,0.050,0.000
6,471,-0.050,0.000
6,494,0.100,0.000
6,495,0.080,0.000
6,502,-0.060,0.000
6,508,-0.010,0.000
6,509,0.070,0.000
6,511,0.220,0.000
6,517,-0.140,0.000
6,518,0.040,0.000
6,520,0.020,0.000
6,525,0.010,0.000
6,526,-0.150,0.000
6,531,-0.130,0.000
6,565,0.120,0.000
6,566,0.090,0.000
6,568,0.070,0.000
6,604,0.100,0.000
6,607,-0.010,0.000
6,608,-0.020,0.000
6,657,-0.090,0.000
6,659,-0.060,0.000
6,660,-0.030,0.000
6,661,0.000,0.000
6,662,0.030,0.000
6,664,0.070,0.000
6,673,0.020,0.000
6,674,0.020,0.000
6,675,0.070,0.000
6,682,-0.080,0.000
6,683,-0.020,0.000
6,685,-0.220,0.000
6,688,-0.050,0.000
6,689,0.020,0.000
6,691,0.030,0.000
6,742,-0.090,0.000
6,743,-0.060,0.000
6,764,-0.090,0.000
6,809,0.000,0.000
6,810,-0.110,0.000
6,823,0.000,0.000
6,824,0.020,0.000
6,827,-0.120,0.000
6,828,-0.020,0.000
6,829,-0.030,0.000
6,840,-0.030,0.000
6,841,0.010,0.000
6,864,-0.010,0.000
6,865,-0.050,0.000
6,913,0.060,0.000
6,914,0.050,0.000
6,917,0.060,0.000
6,918,0.120,0.000
6,919,0.090,0.000
6,921,0.020,0.000
6,922,0.030,0.000
6,923,0.180,0.000
6,925,-0.010,0.000
6,928,0.050,0.000
6,929,-0.010,0.000
6,948,-0.090,0.000
6,949,-0.040,0.000
6,951,0.000,0.000
6,984,-0.160,0.000
6,997,0.010,0.000
6,1000,-0.010,0.000
6,1001,-0.070,0.000
6,1031,-0.280,0.000
6,1032,-0.130,0.000
6,1034,-0.120,0.000
6,1035,0.070,0.000
6,1053,0.120,0.000
6,1054,-0.100,0.000
6,1057,-0.040,0.000
6,1058,-0.050,0.000
6,1060,-0.040,0.000
6,1067,0.110,0.000
6,1068,0.180,0.000
6,1070,0.030,0.000
6,1130,-0.010,0.000
6,1131,-0.030,0.000
6,1147,0.090,0.000
6,1175,-0.040,0.000
6,1176,-0.140,0.000
6,1177,0.180,0.000
6,1178,-0.150,0.000
6,1180,0.060,0.000
6,1183,-0.440,0.000
6,1227,-0.120,0.000
6,1228,-0.030,0.000
6,1253,0.220,0.000
6,1254,0.070,0.000
6,1256,0.060,0.000
6,1364,-0.010,0.000
6,1366,-0.100,0.000
6,1367,-0.040,0.000
6,1368,-0.050,0.000
6,1369,-0.150,0.000
6,1371,-0.160,0.000
6,1395,-0.180,0.000
6,1396,-0.050,0.000
6,1444,0.090,0.000
6,1445,0.030,0.000
6,1446,-0.090,0.000
6,1474,0.040,0.000
6,1477,0.060,0.000
6,1542,-0.010,0.000
6,1543,0.000,0.000
6,1551,0.070,0.000
6,1552,-0.070,0.000
6,1556,0.030,0.000
6,1571,-0.180,0.000
6,1572,-0.100,0.000
6,1615,-0.030,0.000
6,1619,-0.070,0.000
6,1620,0.010,0.000
6,1621,-0.010,0.000
6,1639,0.070,0.000
6,1680,-0.020,0.000
6,1681,-0.010,0.000
6,1683,0.010,0.000
6,1687,0.050,0.000
6,1701,0.210,0.000
6,1738,-0.010,0.000
6,1741,0.070,0.000
6,1769,0.030,0.000
6,1792,0.100,0.000
6,1794,0.070,0.000
6,1795,0.070,0.000
6,1802,0.110,0.000
6,1804,0.050,0.000
6,1809,0.010,0.000
6,1810,-0.010,0.000
6,1811,0.020,0.000
6,1851,0.070,0.000
6,1853,-0.100,0.000
6,1854,0.130,0.000
6,1855,0.120,0.000
6,1886,-0.040,0.000
6,1891,0.070,0.000
6,1894,0.120,0.000
6,1897,0.190,0.000
6,1899,-0.030,0.000
6,1900,0.030,0.000
6,1901,-0.040,0.000
6,1902,-0.020,0.000
6,1903,0.070,0.000
6,1912,-0.150,0.000
6,1915,0.000,0.000
6,1916,0.010,0.000
6,1925,-0.020,0.000
6,1926,-0.040,0.000
6,1936,-0.080,0.000
6,1937,-0.080,0.000
6,1938,-0.020,0.000
6,1939,0.120,0.000
6,1940,0.090,0.000
6,1941,-0.010,0.000
6,1945,-0.020,0.000
6,1946,0.050,0.000
6,1947,0.020,0.000
6,1958,0.000,0.000
6,1960,-0.060,0.000
6,1961,0.060,0.000
6,1999,-0.080,0.000
6,2003,-0.040,0.000
6,2004,0.060,0.000
6,2014,0.100,0.000
6,2015,0.090,0.000
6,2019,0.090,0.000
6,2020,0.090,0.000
6,2023,0.050,0.000
6,2024,0.060,0.000
6,2025,0.000,0.000
6,2027,0.060,0.000
6,2029,0.040,0.000
6,2030,-0.070,0.000
6,2032,0.040,0.000
6,2033,-0.030,0.000
6,2035,0.040,0.000
6,2037,0.040,0.000
6,2059,-0.010,0.000
6,2060,0.090,0.000
6,2087,0.160,0.000
6,2088,0.090,0.000
6,2090,-0.060,0.000
6,2093,-0.120,0.000
6,2094,0.020,0.000
6,2125,0.070,0.000
6,2126,0.010,0.000
6,2127,0.040,0.000
6,2130,0.050,0.000
6,2132,0.010,0.000
6,2133,0.170,0.000
6,2135,0.010,0.000
6,2137,-0.070,0.000
6,2138,-0.080,0.000
6,2166,-0.040,0.000
6,2173,0.080,0.000
6,2194,-0.010,0.000
6,2203,0.010,0.000
6,2206,0.120,0.000
6,2207,0.010,0.000
6,2208,-0.020,0.000
6,2223,0.070,0.000
6,2224,-0.010,0.000
6,2239,0.290,0.000
6,2267,0.030,0.000
6,2269,0.000,0.000
6,2270,0.090,0.000
6,2272,0.060,0.000
6,2273,0.070,0.000
6,2274,0.100,0.000
6,2277,0.000,0.000
6,2288,0.010,0.000
6,2289,-0.010,0.000
6,2305,0.010,0.000
6,2314,0.080,0.000
6,2315,-0.090,0.000
6,2316,0.110,0.000
6,2332,-0.050,0.000
6,2334,-0.060,0.000
6,2335,0.050,0.000
6,2336,0.090,0.000
6,2337,-0.090,0.000
6,2338,-0.040,0.000
6,2347,0.140,0.000
6,2349,-0.080,0.000
6,2351,-0.010,0.000
6,2352,0.170,0.000
6,2355,0.100,0.000
6,2356,0.110,0.000
6,2357,0.030,0.000
6,2425,-0.080,0.000
6,2435,0.050,0.000
6,2436,0.090,0.000
6,2437,0.050,0.000
6,2452,-0.050,0.000
6,2453,0.070,0.000
6,2455,-0.060,0.000
6,2456,0.150,0.000
6,2458,-0.070,0.000
6,2479,0.010,0.000
6,2493,-0.090,0.000
6,2495,-0.120,0.000
6,2496,0.120,0.000
6,2586,-0.060,0.000
6,2618,0.010,0.000
6,2619,-0.030,0.000
6,2637,-0.070,0.000
6,2639,0.150,0.000
6,2676,0.030,0.000
6,2677,-0.040,0.000
6,2681,0.060,0.000
6,2685,0.050,0.000
6,2686,0.030,0.000
6,2693,0.070,0.000
6,2694,0.000,0.000
6,2695,-0.230,0.000
6,2696,-0.390,0.000
6,2697,0.070,0.000
7,3,-0.250,0.000
7,5,-0.100,0.000
7,6,-0.100,0.000
7,7,-0.340,0.000
7,8,-0.330,0.000
7,10,-0.500,0.000
7,73,0.090,0.000
7,74,-0.140,0.000
7,101,0.010,0.000
7,102,0.030,0.000
7,104,-0.430,0.000
7,118,-0.190,0.000
7,120,-0.270,0.000
7,121,-0.260,0.000
7,122,-0.180,0.000
7,123,0.060,0.000
7,127,-0.560,0.000
7,138,0.130,0.000
7,139,-0.190,0.000
7,141,-0.120,0.000
7,146,-0.230,0.000
7,214,0.000,0.000
7,215,-0.130,0.000
7,217,-0.360,0.000
7,218,-0.240,0.000
7,219,0.110,0.000
7,266,-0.100,0.000
7,267,-0.420,0.000
7,280,0.110,0.000
7,282,-0.140,0.000
7,285,0.090,0.000
7,286,0.120,0.000
7,287,0.020,0.000
7,288,0.160,0.000
7,290,0.040,0.000
7,291,-0.160,0.000
7,309,0.050,0.000
7,310,-0.040,0.000
7,312,0.400,0.000
7,327,0.070,0.000
7,342,-0.370,0.000
7,343,-0.080,0.000
7,344,-0.050,0.000
7,345,-0.300,0.000
7,346,-0.310,0.000
7,347,-0.290,0.000
7,351,-0.070,0.000
7,352,-0.080,0.000
7,353,-0.200,0.000
7,356,-0.040,0.000
7,357,0.060,0.000
7,358,-0.050,0.000
7,359,0.390,0.000
7,363,-0.150,0.000
7,364,0.030,0.000
7,365,0.250,0.000
7,378,-0.090,0.000
7,379,-0.520,0.000
7,381,0.170,0.000
7,429,0.360,0.000
7,430,-0.070,0.000
7,433,-0.120,0.000
7,450,-0.040,0.000
7,451,0.050,0.000
7,470,0.150,0.000
7,471,-0.340,0.000
7,494,0.090,0.000
7,495,0.110,0.000
7,502,0.070,0.000
7,508,-0.190,0.000
7,509,-0.200,0.000
7,511,0.000,0.000
7,517,0.030,0.000
7,518,0.060,0.000
7,520,-0.150,0.000
7,525,0.100,0.000
7,526,0.090,0.000
7,531,0.640,0.000
7,565,-0.200,0.000
7,566,0.190,0.000
7,568,0.080,0.000
7,604,0.280,0.000
7,607,-0.080,0.000
7,608,0.560,0.000
7,657,-0.410,0.000
7,659,-0.200,0.000
7,660,-0.210,0.000
7,661,-0.270,0.000
7,662,-0.130,0.000
7,664,-0.160,0.000
7,673,0.090,0.000
7,674,0.200,0.000
7,675,-0.130,0.000
7,682,0.230,0.000
7,683,0.290,0.000
7,685,0.010,0.000
7,688,0.090,0.000
7,689,0.100,0.000
7,691,-0.130,0.000
7,742,0.320,0.000
7,743,-0.110,0.000
7,764,-0.310,0.000
7,809,0.430,0.000
7,810,0.580,0.000
7,823,-0.100,0.000
7,824,-0.050,0.000
7,827,-0.080,0.000
7,828,0.170,0.000
7,829,0.250,0.000
7,840,0.040,0.000
7,841,0.180,0.000
7,864,0.050,0.000
7,865,0.220,0.000
7,913,0.040,0.000
7,914,0.040,0.000
7,917,-0.290,0.000
7,918,-0.130,0.000
7,919,0.110,0.000
7,921,-0.300,0.000
7,922,0.010,0.000
7,923,-0.130,0.000
7,925,0.000,0.000
7,928,0.110,0.000
7,929,-0.070,0.000
7,948,0.130,0.000
7,949,0.070,0.000
7,951,0.300,0.000
7,984,-0.700,0.000
7,997,-0.210,0.000
7,1000,0.210,0.000
7,1001,0.110,0.000
7,1031,0.200,0.000
7,1032,0.410,0.000
7,1034,0.320,0.000
7,1035,-0.010,0.000
7,1053,0.100,0.000
7,1054,0.320,0.000
7,1057,0.220,0.000
7,1058,0.180,0.000
7,1060,0.150,0.000
7,1067,0.140,0.000
7,1068,0.250,0.000
7,1070,0.160,0.000
7,1130,0.290,0.000
7,1131,0.230,0.000
7,1147,0.100,0.000
7,1175,0.250,0.000
7,1176,0.460,0.000
7,1177,0.000,0.000
7,1178,-0.330,0.000
7,1180,-0.150,0.000
7,1183,-0.110,0.000
7,1227,0.760,0.000
7,1228,0.530,0.000
7,1253,0.290,0.000
7,1254,0.250,0.000
7,1256,0.140,0.000
7,1364,-0.370,0.000
7,1366,-0.140,0.000
7,1367,-0.370,0.000
7,1368,-0.410,0.000
7,1369,-0.030,0.000
7,1371,-0.220,0.000
7,1395,0.580,0.000
7,1396,0.570,0.000
7,1444,-0.010,0.000
7,1445,-0.110,0.000
7,1446,0.460,0.000
7,1474,0.330,0.000
7,1477,0.490,0.000
7,1542,0.180,0.000
7,1543,0.120,0.000
7,1551,-0.030,0.000
7,1552,0.040,0.000
7,1556,0.230,0.000
7,1571,0.160,0.000
7,1572,0.080,0.000
7,1615,0.150,0.000
7,1619,-0.180,0.000
7,1620,-0.140,0.000
7,1621,-0.090,0.000
7,1639,-0.110,0.000
7,1680,-0.100,0.000
7,1681,-0.060,0.000
7,1683,-0.350,0.000
7,1687,0.140,0.000
7,1701,0.260,0.000
7,1738,0.130,0.000
7,1741,0.380,0.000
7,1769,0.150,0.000
7,1792,-0.150,0.000
7,1794,-0.010,0.000
7,1795,0.030,0.000
7,1802,0.120,0.000
7,1804,-0.040,0.000
7,1809,0.150,0.000
7,1810,-0.040,0.000
7,1811,-0.280,0.000
7,1851,-0.290,0.000
7,1853,-0.240,0.000
7,1854,0.120,0.000
7,1855,0.080,0.000
7,1886,0.000,0.000
7,1891,0.020,0.000
7,1894,0.020,0.000
7,1897,-0.060,0.000
7,1899,0.090,0.000
7,1900,0.250,0.000
7,1901,0.190,0.000
7,1902,-0.110,0.000
7,1903,-0.180,0.000
7,1912,-0.140,0.000
7,1915,-0.070,0.000
7,1916,0.020,0.000
7,1925,0.100,0.000
7,1926,0.190,0.000
7,1936,-0.010,0.000
7,1937,0.010,0.000
7,1938,0.050,0.000
7,1939,0.010,0.000
7,1940,-0.010,0.000
7,1941,0.000,0.000
7,1945,0.280,0.000
7,1946,0.240,0.000
7,1947,0.130,0.000
7,1958,-0.150,0.000
7,1960,0.080,0.000
7,1961,-0.010,0.000
7,1999,0.320,0.000
7,2003,-0.410,0.000
7,2004,0.200,0.000
7,2014,-0.040,0.000
7,2015,-0.060,0.000
7,2019,0.060,0.000
7,2020,0.230,0.000
7,2023,-0.090,0.000
7,2024,-0.160,0.000
7,2025,-0.310,0.000
7,2027,-0.150,0.000
7,2029,-0.110,0.000
7,2030,0.010,0.000
7,2032,0.100,0.000
7,2033,0.030,0.000
7,2035,-0.020,0.000
7,2037,0.230,0.000
7,2059,0.030,0.000
7,2060,-0.090,0.000
7,2087,0.090,0.000
7,2088,0.110,0.000
7,2090,-0.170,0.000
7,2093,-0.040,0.000
7,2094,-0.110,0.000
7,2125,0.050,0.000
7,2126,0.050,0.000
7,2127,0.140,0.000
7,2130,0.110,0.000
7,2132,0.060,0.000
7,2133,0.310,0.000
7,2135,-0.190,0.000
7,2137,-0.090,0.000
7,2138,0.020,0.000
7,2166,0.070,0.000
7,2173,-0.040,0.000
7,2194,0.240,0.000
7,2203,0.120,0.000
7,2206,-0.030,0.000
7,2207,0.060,0.000
7,2208,0.180,0.000
7,2223,0.170,0.000
7,2224,0.360,0.000
7,2239,0.210,0.000
7,2267,0.010,0.000
7,2269,0.010,0.000
7,2270,-0.070,0.000
7,2272,-0.050,0.000
7,2273,-0.120,0.000
7,2274,-0.340,0.000
7,2277,0.070,0.000
7,2288,-0.040,0.000
7,2289,-0.040,0.000
7,2305,-0.170,0.000
7,2314,0.010,0.000
7,2315,-0.090,0.000
7,2316,0.160,0.000
7,2332,0.260,0.000
7,2334,0.200,0.000
7,2335,0.260,0.000
7,2336,0.030,0.000
7,2337,0.070,0.000
7,2338,0.060,0.000
7,2347,0.120,0.000
7,2349,0.110,0.000
7,2351,0.200,0.000
7,2352,0.010,0.000
7,2355,0.200,0.000
7,2356,0.290,0.000
7,2357,0.180,0.000
7,2425,0.470,0.000
7,2435,0.120,0.000
7,2436,-0.200,0.000
7,2437,-0.080,0.000
7,2452,0.410,0.000
7,2453,-0.130,0.000
7,2455,-0.380,0.000
7,2456,0.190,0.000
7,2458,0.220,0.000
7,2479,0.140,0.000
7,2493,0.190,0.000
7,2495,0.010,0.000
7,2496,0.180,0.000
7,2586,0.460,0.000
7,2618,0.070,0.000
7,2619,0.110,0.000
7,2637,0.060,0.000
7,2639,0.010,0.000
7,2676,0.130,0.000
7,2677,0.210,0.000
7,2681,-0.250,0.000
7,2685,-0.150,0.000
7,2686,0.250,0.000
7,2693,-0.210,0.000
7,2694,-0.040,0.000
7,2695,0.010,0.000
7,2696,-0.280,0.000
7,2697,0.310,0.000
8,3,-0.040,0.000
8,5,0.160,0.000
8,6,0.320,0.000
8,7,0.160,0.000
8,8,0.160,0.000
8,10,-0.090,0.000
8,73,-0.120,0.000
8,74,-0.190,0.000
8,101,-0.060,0.000
8,102,-0.020,0.000
8,104,0.010,0.000
8,118,0.060,0.000
8,120,0.010,0.000
8,121,-0.040,0.000
8,122,-0.140,0.000
8,123,-0.030,0.000
8,127,-0.160,0.000
8,138,0.080,0.000
8,139,-0.240,0.000
8,141,0.050,0.000
8,146,0.080,0.000
8,214,-0.020,0.000
8,215,-0.090,0.000
8,217,0.000,0.000
8,218,-0.130,0.000
8,219,0.110,0.000
8,266,-0.100,0.000
8,267,-0.010,0.000
8,280,0.040,0.000
8,282,-0.050,0.000
8,285,0.080,0.000
8,286,-0.040,0.000
8,287,-0.130,0.000
8,288,-0.070,0.000
8,290,0.000,0.000
8,291,-0.040,0.000
8,309,-0.040,0.000
8,310,-0.010,0.000
8,312,-0.040,0.000
8,327,0.010,0.000
8,342,-0.140,0.000
8,343,-0.060,0.000
8,344,-0.120,0.000
8,345,0.050,0.000
8,346,-0.070,0.000
8,347,0.130,0.000
8,351,-0.070,0.000
8,352,-0.100,0.000
8,353,0.000,0.000
8,356,0.030,0.000
8,357,-0.020,0.000
8,358,0.070,0.000
8,359,-0.060,0.000
8,363,-0.020,0.000
8,364,-0.100,0.000
8,365,0.040,0.000
8,378,-0.080,0.000
8,379,-0.160,0.000
8,381,-0.020,0.000
8,429,0.030,0.000
8,430,-0.080,0.000
8,433,0.050,0.000
8,450,0.090,0.000
8,451,0.010,0.000
8,470,-0.010,0.000
8,471,-0.360,0.000
8,494,0.080,0.000
8,495,-0.020,0.000
8,502,0.030,0.000
8,508,0.250,0.000
8,509,0.030,0.000
8,511,0.210,0.000
8,517,-0.190,0.000
8,518,-0.070,0.000
8,520,-0.180,0.000
8,525,0.110,0.000
8,526,0.050,0.000
8,531,0.300,0.000
8,565,0.040,0.000
8,566,0.110,0.000
8,568,0.090,0.000
8,604,-0.080,0.000
8,607,-0.120,0.000
8,608,0.070,0.000
8,657,-0.030,0.000
8,659,-0.050,0.000
8,660,-0.090,0.000
8,661,-0.090,0.000
8,662,-0.100,0.000
8,664,-0.010,0.000
8,673,0.050,0.000
8,674,-0.060,0.000
8,675,0.020,0.000
8,682,0.070,0.000
8,683,0.130,0.000
8,685,-0.060,0.000
8,688,-0.160,0.000
8,689,-0.130,0.000
8,691,-0.060,0.000
8,742,0.140,0.000
8,743,0.270,0.000
8,764,0.180,0.000
8,809,-0.030,0.000
8,810,-0.090,0.000
8,823,-0.040,0.000
8,824,-0.100,0.000
8,827,0.150,0.000
8,828,0.050,0.000
8,829,0.340,0.000
8,840,-0.060,0.000
8,841,-0.100,0.000
8,864,-0.010,0.000
8,865,0.140,0.000
8,913,-0.040,0.000
8,914,-0.090,0.000
8,917,-0.030,0.000
8,918,-0.080,0.000
8,919,-0.070,0.000
8,921,-0.060,0.000
8,922,0.050,0.000
8,923,0.140,0.000
8,925,0.040,0.000
8,928,0.040,0.000
8,929,0.010,0.000
8,948,-0.060,0.000
8,949,0.010,0.000
8,951,0.080,0.000
8,984,-0.560,0.000
8,997,-0.100,0.000
8,1000,0.050,0.000
8,1001,-0.060,0.000
8,1031,-0.060,0.000
8,1032,0.040,0.000
8,1034,0.050,0.000
8,1035,0.140,0.000
8,1053,-0.080,0.000
8,1054,0.090,0.000
8,1057,-0.020,0.000
8,1058,0.030,0.000
8,1060,-0.050,0.000
8,1067,0.030,0.000
8,1068,0.130,0.000
8,1070,0.010,0.000
8,1130,0.020,0.000
8,1131,-0.050,0.000
8,1147,0.140,0.000
8,1175,0.070,0.000
8,1176,0.180,0.000
8,1177,0.080,0.000
8,1178,-0.040,0.000
8,1180,0.110,0.000
8,1183,-0.120,0.000
8,1227,0.190,0.000
8,1228,0.260,0.000
8,1253,0.210,0.000
8,1254,0.060,0.000
8,1256,-0.070,0.000
8,1364,-0.070,0.000
8,1366,-0.030,0.000
8,1367,-0.090,0.000
8,1368,-0.100,0.000
8,1369,0.020,0.000
8,1371,-0.040,0.000
8,1395,0.230,0.000
8,1396,0.260,0.000
8,1444,0.010,0.000
8,1445,0.000,0.000
8,1446,0.090,0.000
8,1474,0.080,0.000
8,1477,0.120,0.000
8,1542,0.000,0.000
8,1543,0.040,0.000
8,1551,0.000,0.000
8,1552,0.010,0.000
8,1556,-0.120,0.000
8,1571,0.070,0.000
8,1572,0.160,0.000
8,1615,0.140,0.000
8,1619,0.000,0.000
8,1620,-0.050,0.000
8,1621,-0.070,0.000
8,1639,0.140,0.000
8,1680,-0.060,0.000
8,1681,-0.120,0.000
8,1683,0.010,0.000
8,1687,0.060,0.000
8,1701,-0.010,0.000
8,1738,0.070,0.000
8,1741,0.130,0.000
8,1769,-0.010,0.000
8,1792,-0.050,0.000
8,1794,-0.030,0.000
8,1795,-0.010,0.000
8,1802,0.030,0.000
8,1804,-0.080,0.000
8,1809,0.030,0.000
8,1810,0.120,0.000
8,1811,0.030,0.000
8,1851,0.110,0.000
8,1853,-0.070,0.000
8,1854,0.070,0.000
8,1855,0.020,0.000
8,1886,0.000,0.000
8,1891,0.040,0.000
8,1894,0.040,0.000
8,1897,0.190,0.000
8,1899,-0.040,0.000
8,1900,0.020,0.000
8,1901,0.020,0.000
8,1902,-0.040,0.000
8,1903,0.020,0.000
8,1912,-0.040,0.000
8,1915,-0.010,0.000
8,1916,-0.080,0.000
8,1925,-0.080,0.000
8,1926,0.100,0.000
8,1936,-0.100,0.000
8,1937,-0.080,0.000
8,1938,-0.090,0.000
8,1939,0.130,0.000
8,1940,0.110,0.000
8,1941,0.050,0.000
8,1945,0.070,0.000
8,1946,0.060,0.000
8,1947,0.090,0.000
8,1958,-0.100,0.000
8,1960,-0.070,0.000
8,1961,0.010,0.000
8,1999,-0.010,0.000
8,2003,-0.330,0.000
8,2004,-0.010,0.000
8,2014,-0.090,0.000
8,2015,0.030,0.000
8,2019,0.060,0.000
8,2020,0.070,0.000
8,2023,0.120,0.000
8,2024,0.050,0.000
8,2025,-0.070,0.000
8,2027,0.000,0.000
8,2029,-0.070,0.000
8,2030,-0.030,0.000
8,2032,0.020,0.000
8,2033,0.140,0.000
8,2035,0.040,0.000
8,2037,0.190,0.000
8,2059,-0.020,0.000
8,2060,0.050,0.000
8,2087,-0.170,0.000
8,2088,-0.020,0.000
8,2090,-0.030,0.000
8,2093,-0.050,0.000
8,2094,-0.030,0.000
8,2125,0.060,0.000
8,2126,0.090,0.000
8,2127,-0.040,0.000
8,2130,0.010,0.000
8,2132,0.050,0.000
8,2133,0.180,0.000
8,2135,0.000,0.000
8,2137,-0.110,0.000
8,2138,-0.080,0.000
8,2166,0.240,0.000
8,2173,-0.070,0.000
8,2194,-0.030,0.000
8,2203,0.000,0.000
8,2206,-0.040,0.000
8,2207,0.100,0.000
8,2208,0.090,0.000
8,2223,-0.070,0.000
8,2224,0.060,0.000
8,2239,0.110,0.000
8,2267,-0.120,0.000
8,2269,-0.100,0.000
8,2270,-0.170,0.000
8,2272,-0.110,0.000
8,2273,0.030,0.000
8,2274,0.020,0.000
8,2277,0.010,0.000
8,2288,-0.100,0.000
8,2289,-0.100,0.000
8,2305,0.010,0.000
8,2314,-0.040,0.000
8,2315,0.030,0.000
8,2316,0.070,0.000
8,2332,0.010,0.000
8,2334,-0.120,0.000
8,2335,0.090,0.000
8,2336,0.000,0.000
8,2337,0.150,0.000
8,2338,0.030,0.000
8,2347,-0.020,0.000
8,2349,0.020,0.000
8,2351,0.020,0.000
8,2352,0.050,0.000
8,2355,-0.020,0.000
8,2356,0.040,0.000
8,2357,-0.040,0.000
8,2425,0.050,0.000
8,2435,0.040,0.000
8,2436,0.070,0.000
8,2437,0.120,0.000
8,2452,0.130,0.000
8,2453,0.000,0.000
8,2455,-0.230,0.000
8,2456,0.020,0.000
8,2458,0.050,0.000
8,2479,0.340,0.000
8,2493,0.040,0.000
8,2495,-0.010,0.000
8,2496,0.040,0.000
8,2586,0.200,0.000
8,2618,0.050,0.000
8,2619,0.060,0.000
8,2637,-0.010,0.000
8,2639,0.050,0.000
8,2676,0.070,0.000
8,2677,-0.030,0.000
8,2681,0.100,0.000
8,2685,0.010,0.000
8,2686,-0.150,0.000
8,2693,-0.090,0.000
8,2694,0.000,0.000
8,2695,-0.180,0.000
8,2696,-0.270,0.000
8,2697,-0.030,0.000
9,3,-0.040,0.000
9,5,0.270,0.000
9,6,0.220,0.000
9,7,-0.090,0.000
9,8,-0.020,0.000
9,10,-0.070,0.000
9,73,-0.040,0.000
9,74,-0.030,0.000
9,101,-0.060,0.000
9,102,0.010,0.000
9,104,-0.020,0.000
9,118,0.000,0.000
9,120,0.040,0.000
9,121,-0.070,0.000
9,122,-0.130,0.000
9,123,-0.040,0.000
9,127,0.050,0.000
9,138,0.080,0.000
9,139,-0.010,0.000
9,141,-0.030,0.000
9,146,-0.050,0.000
9,214,-0.040,0.000
9,215,0.040,0.000
9,217,0.280,0.000
9,218,-0.030,0.000
9,219,0.180,0.000
9,266,0.020,0.000
9,267,0.040,0.000
9,280,-0.060,0.000
9,282,-0.190,0.000
9,285,-0.080,0.000
9,286,0.090,0.000
9,287,0.000,0.000
9,288,-0.040,0.000
9,290,-0.100,0.000
9,291,-0.170,0.000
9,309,0.030,0.000
9,310,0.000,0.000
9,312,-0.040,0.000
9,327,-0.010,0.000
9,342,-0.100,0.000
9,343,-0.120,0.000
9,344,-0.100,0.000
9,345,0.010,0.000
9,346,-0.130,0.000
9,347,0.080,0.000
9,351,-0.150,0.000
9,352,-0.220,0.000
9,353,-0.100,0.000
9,356,0.160,0.000
9,357,0.050,0.000
9,358,0.100,0.000
9,359,0.030,0.000
9,363,-0.090,0.000
9,364,0.080,0.000
9,365,0.210,0.000
9,378,0.000,0.000
9,379,-0.070,0.000
9,381,-0.030,0.000
9,429,-0.050,0.000
9,430,-0.140,0.000
9,433,-0.070,0.000
9,450,0.130,0.000
9,451,0.060,0.000
9,470,-0.040,0.000
9,471,-0.240,0.000
9,494,0.000,0.000
9,495,-0.110,0.000
9,502,0.050,0.000
9,508,-0.060,0.000
9,509,-0.070,0.000
9,511,0.100,0.000
9,517,-0.120,0.000
9,518,0.050,0.000
9,520,-0.100,0.000
9,525,0.070,0.000
9,526,0.050,0.000
