assay-pathology-probe,PIRACETAM-3d-2500mg/kg,ACETAMINOPHE-.25d-486mg/kg,CLEMASTINE-5d-5.4mg/kg,ARTEMETHER-1d-74mg/kg,FERROCENE-5d-330mg/kg,"1,4-DICHLORO-1d-735mg/kg",PIROXICAM-3d-14mg/kg,METOPROLOL-3d-1200mg/kg,LEVOFLOXACIN-5d-739mg/kg,ALLYL ALCOHO-5d-32mg/kg,STREPTOZOTOC-1d-138mg/kg,AMIODARONE-5d-147mg/kg,HYDROQUINONE-3d-800mg/kg,ROLIPRAM-1d-75mg/kg,ENROFLOXACIN-3d-2000mg/kg,PHENYLBUTAZO-5d-368mg/kg,INTERLEUKIN -1d-.125mg/kg,PROCARBAZINE-1d-27mg/kg,NIMESULIDE-5d-30mg/kg,SULFANILAMID-1d-636mg/kg,CERIVASTATIN-.25d-.05mg/kg,GLICLAZIDE-1d-1500mg/kg,ETOPOSIDE-3d-100mg/kg,AMITRIPTYLIN-3d-160mg/kg,INDINAVIR-1d-1000mg/kg,PICLAMILAST-1d-17mg/kg,PROBENECID-.25d-600mg/kg,HYDRAZINE-3d-45mg/kg,PROCARBAZINE-5d-27mg/kg,LEAD(IV) ACE-5d-200mg/kg,VINORELBINE-5d-1.5mg/kg,CHLORAMBUCIL-.25d-4.5mg/kg,CARMUSTINE-3d-16mg/kg,GENISTEIN-3d-375mg/kg,CLOFIBRIC AC-5d-448mg/kg,ETOPOSIDE-1d-100mg/kg,MEXILETINE-3d-350mg/kg,PRAZIQUANTEL-5d-1200mg/kg,VALPROIC ACI-3d-1500mg/kg,CARBACHOL-.25d-15mg/kg,BENZOTHIAZYL-3d-2600mg/kg,ATROPINE-1d-2.3mg/kg,ATROPINE-3d-2.3mg/kg,ETIDRONATE-1d-1005mg/kg,CYCLOSPORIN -1d-70mg/kg,SILDENAFIL-.25d-2.5mg/kg,CLOZAPINE-3d-95mg/kg,BUPROPION-3d-895mg/kg,VALPROIC ACI-3d-1340mg/kg,VALPROIC ACI-5d-1340mg/kg
LI_RG230_Osgepl1_P020517,0.00,-0.12,0.06,0.13,0.11,0.03,-0.09,0.03,0.02,0.12,-0.07,-0.06,0.08,-0.14,0.08,0.00,-0.14,0.01,0.01,0.15,0.01,-0.10,-0.12,0.08,-0.02,-0.06,-0.04,0.02,-0.07,0.05,-0.02,-0.05,0.06,0.11,0.17,-0.05,0.11,0.03,0.15,0.04,0.01,0.28,0.04,-0.12,0.06,-0.01,0.00,0.17,0.02,0.04
LI_RG230_Cyp11b1_P005901,0.00,-0.41,0.20,0.16,-0.18,-0.07,-0.44,-0.03,-0.20,-0.01,0.50,-0.20,0.23,-0.35,0.01,-0.04,0.14,0.33,-0.19,0.09,0.15,0.14,0.12,0.23,0.19,-0.20,-0.15,0.41,0.16,-0.02,-0.32,-0.01,0.20,-0.13,0.06,-0.07,0.07,-0.26,-0.05,0.06,-0.14,0.06,-0.08,0.23,0.03,0.23,0.33,0.03,0.40,0.73
LI_RG230_Hoxc10_P013913,-0.01,-0.22,-0.13,-0.13,0.01,0.07,-0.14,0.07,-0.36,-0.18,-0.39,-0.08,-0.08,-0.26,-0.20,-0.04,-0.24,-0.19,-0.09,-0.59,0.12,-0.14,-0.06,-0.17,-0.17,-0.32,-0.12,-0.26,0.07,-0.34,0.26,-0.31,-0.36,-0.42,0.15,0.07,-0.25,-0.18,-0.06,-0.02,-0.12,-0.15,-0.11,-0.66,0.22,-0.06,-0.16,-0.01,0.09,0.16
LI_RG230_Slc5a11_P027251,0.01,0.14,0.33,0.00,0.25,0.21,0.28,-0.25,0.28,0.49,0.17,0.39,0.20,-0.15,0.91,-1.10,0.01,-0.11,-0.19,0.28,-0.05,0.65,-0.26,0.26,0.09,-0.12,-0.08,0.18,0.14,-0.03,0.10,0.47,-0.09,-0.34,0.03,-0.32,0.91,-0.12,-0.71,-0.01,0.17,-0.27,-0.15,0.96,0.12,-0.46,-0.14,-0.06,0.24,0.33
LI_RG230_Vps53_predicted_P032985,0.01,0.03,-0.01,-0.00,-0.00,-0.02,-0.09,0.02,0.04,-0.03,-0.07,0.00,0.04,0.03,0.12,-0.06,-0.04,-0.03,0.01,0.03,0.04,-0.01,-0.05,0.09,0.05,-0.00,0.03,-0.02,0.00,0.02,0.04,0.07,0.03,-0.03,0.02,0.03,0.05,0.04,0.04,-0.09,0.07,0.02,-0.03,-0.11,0.03,-0.10,-0.03,0.03,0.01,0.01
LI_RG230__P009875,-0.08,0.08,-0.16,-0.07,0.18,0.13,0.01,-0.07,-0.09,-0.05,-0.18,0.19,0.32,0.14,0.39,-0.21,0.18,0.32,0.37,0.35,-0.21,0.48,-0.18,0.31,-0.07,-0.04,-0.01,-0.34,0.04,-0.11,0.08,0.20,0.29,-0.14,-0.04,-0.14,-0.72,0.17,0.45,0.11,-0.16,-0.09,0.21,0.23,0.10,0.13,0.13,0.32,-0.32,-0.18
LI_RG230_Nck2_predicted_P019937,0.08,-0.20,0.14,-0.00,-0.03,0.04,0.17,0.02,-0.10,-0.02,-0.09,-0.10,-0.20,-0.14,-0.05,-0.01,0.05,-0.03,-0.09,-0.16,-0.14,0.09,-0.05,0.07,0.16,-0.09,0.00,-0.07,-0.43,0.01,-0.11,-0.09,0.05,0.01,0.01,-0.02,0.06,-0.01,-0.07,0.01,0.06,-0.07,-0.15,-0.52,0.07,-0.47,-0.05,-0.13,-0.34,0.12
LI_RG230_Ssr2_predicted_P026704,-0.01,-0.00,-0.01,-0.01,-0.02,0.01,0.05,0.06,-0.02,-0.02,-0.13,-0.07,0.07,0.07,0.07,-0.07,0.07,0.01,-0.05,0.04,-0.15,0.03,-0.07,-0.05,0.02,-0.07,-0.09,0.14,0.02,-0.03,-0.15,0.00,-0.01,0.19,-0.07,-0.04,-0.02,0.13,0.04,-0.00,-0.04,-0.06,0.01,0.21,0.32,-0.14,0.08,0.01,-0.07,0.12
LI_RG230_Mtch2_predicted_P018351,-0.02,-0.17,-0.02,0.01,0.07,-0.03,-0.10,-0.08,0.00,-0.18,0.10,0.10,-0.01,-0.12,-0.02,0.07,-0.06,0.01,-0.01,0.02,0.17,-0.05,0.02,-0.03,-0.00,-0.08,-0.01,-0.01,0.03,0.00,-0.03,-0.06,-0.20,0.05,0.07,-0.05,-0.03,-0.04,-0.09,-0.04,0.03,-0.04,0.02,-0.24,-0.06,0.01,-0.00,-0.11,0.00,-0.06
LI_RG230__P030209,0.04,-0.05,-0.13,-0.07,-0.09,-0.08,0.08,-0.18,-0.03,-0.12,-0.03,0.02,-0.06,0.12,-0.09,-0.01,0.02,0.10,-0.00,0.02,0.17,-0.01,-0.13,-0.03,-0.02,-0.12,-0.02,-0.07,0.15,0.26,0.08,-0.02,0.03,-0.02,-0.08,-0.08,0.04,0.01,-0.09,0.02,-0.11,-0.09,-0.19,-0.30,-0.19,0.03,-0.02,-0.09,0.04,0.08
LI_RG230__P029648,-0.01,-0.08,-0.18,0.13,0.10,-0.05,-0.18,0.21,-0.12,-0.11,-0.12,-0.17,0.28,0.16,0.26,0.28,0.13,0.37,-0.09,-0.11,0.28,0.28,0.04,0.34,-0.07,0.15,-0.04,-0.33,-0.13,-0.04,0.12,-0.53,0.18,-0.03,-0.28,-0.28,0.03,-0.19,-0.08,-0.01,-0.07,-0.10,0.16,-0.55,-0.09,-0.03,0.05,0.01,-0.01,0.25
LI_RG230_RGD1309709_predicted_P011948,-0.03,0.10,-0.10,-0.05,0.03,0.12,-0.17,-0.03,-0.07,-0.03,-0.10,-0.06,-0.19,-0.20,-0.18,-0.01,-0.06,-0.02,-0.06,-0.01,-0.16,0.03,0.10,-0.06,-0.30,-0.10,0.18,-0.11,-0.20,-0.05,-0.07,0.10,0.06,0.17,0.01,-0.10,0.08,-0.06,0.07,0.13,-0.61,-0.02,0.05,-0.38,-0.36,0.15,-0.11,0.08,-0.13,-0.21
LI_RG230_Txndc4_P028713,0.00,-0.00,-0.03,-0.01,0.06,-0.02,-0.07,0.02,-0.01,0.03,-0.06,-0.01,0.01,0.05,0.03,0.04,-0.05,-0.08,0.05,0.01,0.09,-0.04,-0.11,0.03,-0.02,0.01,0.01,-0.02,0.04,-0.09,0.00,0.02,-0.06,-0.14,-0.03,0.01,-0.01,0.05,-0.09,0.03,-0.02,0.01,-0.01,0.02,-0.02,-0.15,-0.05,-0.01,0.04,-0.04
LI_RG230__P010516,-0.19,-0.08,-0.02,-0.13,-0.22,-0.34,0.14,0.16,-0.33,-0.29,0.35,-0.13,-0.26,-0.09,0.22,-0.12,0.34,-0.12,-0.61,0.02,-0.23,-0.37,-0.33,0.10,-0.08,-0.08,0.16,-0.49,-0.06,-0.29,0.17,-0.55,-0.01,-0.54,0.41,-0.24,-0.29,-0.41,-0.33,-0.34,-0.05,-0.31,-0.51,-0.01,-0.06,-0.17,-0.33,0.21,-0.26,-0.07
LI_RG230_Ggt1_P012350,-0.23,0.12,0.00,0.07,-0.11,-0.25,-0.18,-0.10,-0.18,0.16,-0.10,-0.26,-0.28,0.03,-0.08,-0.03,0.15,-0.24,-0.29,-0.21,0.04,0.10,-0.06,-0.05,-0.16,-0.42,0.12,-0.27,-0.11,-0.27,-0.13,0.03,0.15,-0.25,-0.46,-0.16,-0.42,0.10,-0.33,0.09,-0.18,-0.08,-0.07,0.17,-0.04,0.71,-0.09,-0.03,-0.24,-0.42
LI_RG230_Ankrd13_P001610,-0.01,-0.02,0.08,-0.00,-0.01,-0.02,-0.02,-0.01,0.01,0.05,0.03,0.07,0.01,-0.11,0.08,-0.03,0.01,-0.04,-0.01,0.00,0.06,-0.02,0.01,-0.06,-0.04,-0.05,0.04,-0.01,0.04,0.01,0.01,0.03,-0.10,0.01,-0.06,-0.02,-0.00,-0.15,-0.01,-0.03,0.00,0.02,-0.04,0.07,-0.08,0.02,-0.00,-0.01,0.04,-0.04
LI_RG230__P010290,0.01,-0.15,0.07,-0.12,0.23,0.36,0.04,-0.12,-0.01,0.25,-0.11,0.53,0.12,-0.02,-0.28,-0.21,0.03,-0.42,0.12,0.07,-0.49,-0.22,-0.08,-0.05,0.18,-0.12,0.43,-0.07,-0.34,0.28,0.22,-0.04,0.05,-0.07,0.07,0.13,-0.09,0.06,-0.15,-0.29,-0.00,0.10,-0.14,1.70,0.16,-0.09,0.35,0.07,-0.17,0.09
LI_RG230_RGD1304977_predicted_P018637,0.00,-0.10,0.05,-0.14,-0.04,0.02,0.05,0.18,-0.22,0.07,0.24,0.28,-0.06,0.03,0.71,-0.11,-0.12,-0.19,0.01,-0.01,0.05,0.04,0.04,-0.00,-0.17,0.11,-0.15,-0.14,-0.06,0.05,-0.12,0.21,-0.11,-0.27,0.04,-0.18,0.16,-0.10,-0.00,0.01,0.07,-0.01,0.04,0.28,-0.03,0.07,-0.18,0.23,0.11,-0.73
LI_RG230_RGD1307729_predicted_P016498,0.01,-0.03,0.09,0.07,0.05,0.04,-0.05,0.14,0.12,-0.21,-0.22,0.07,-0.09,-0.03,-0.12,-0.07,0.03,-0.06,0.06,0.09,0.14,0.07,-0.36,0.06,-0.12,0.05,0.02,-0.10,0.03,0.00,0.07,-0.08,0.01,-0.11,-0.03,0.05,0.04,0.31,0.14,0.12,0.01,0.02,0.13,0.18,0.02,-0.19,0.10,0.16,-0.06,-0.21
LI_RG230_Pdia3_P012617,0.04,0.08,0.10,-0.17,-0.09,-0.08,-0.15,-0.04,-0.07,-0.19,-0.08,-0.15,-0.01,0.20,-0.03,0.07,-0.02,0.00,0.12,0.08,0.13,0.06,0.04,0.12,-0.03,0.05,-0.01,-0.16,0.25,0.01,0.11,0.17,0.09,-0.01,-0.02,0.10,0.04,-0.18,-0.06,0.07,-0.04,-0.17,0.14,-0.67,0.07,0.01,-0.04,0.01,0.02,0.11
LI_RG230_Btbd1_P002994,0.04,0.03,0.05,0.05,0.03,0.10,0.07,-0.04,0.01,-0.02,0.08,0.13,0.06,-0.01,0.11,-0.01,0.04,-0.03,0.03,-0.03,0.03,0.03,0.05,0.00,-0.01,0.02,0.07,0.06,0.10,0.03,0.12,-0.06,0.07,0.00,0.09,-0.01,0.03,-0.01,0.03,0.04,0.00,-0.00,-0.00,-0.04,0.06,0.08,0.09,0.02,0.05,-0.16
LI_RG230_Cpt1c_P003586,-0.05,-0.05,-0.19,0.17,0.15,-0.28,0.14,-0.07,0.02,0.35,0.14,-0.15,-0.10,-0.07,0.06,-0.26,-0.20,0.07,0.04,-0.04,-0.36,-0.05,-0.03,0.07,-0.05,-0.08,0.14,0.04,-0.08,-0.10,0.53,-0.10,0.04,0.12,0.16,0.09,0.04,0.03,-0.10,-0.12,0.28,0.18,0.12,-0.77,-0.24,-0.13,-0.04,-0.00,0.22,0.31
LI_RG230_Zranb1_predicted_P029034,0.04,-0.21,-0.13,-0.20,-0.10,-0.07,-0.06,-0.09,0.12,-0.05,-0.27,0.17,0.15,-0.23,-0.21,-0.20,-0.08,0.07,0.12,-0.36,0.02,-0.09,-0.20,-0.06,0.02,-0.21,-0.02,0.26,-0.11,0.07,0.03,0.15,0.16,-0.01,0.04,-0.05,0.01,0.29,-0.07,-0.25,0.16,-0.32,-0.13,0.37,0.02,-0.06,0.13,-0.18,-0.04,0.27
LI_RG230_RGD1305719_predicted_P023107,-0.12,0.12,0.06,-0.20,-0.08,0.04,-0.23,-0.22,-0.09,-0.28,0.24,-0.01,0.01,-0.16,-0.12,0.02,0.11,-0.02,0.02,0.11,-0.22,-0.10,-0.05,-0.29,-0.25,-0.29,0.17,-0.34,-0.04,-0.01,0.37,-0.14,-0.06,-0.12,-0.06,0.06,-0.17,0.14,-0.00,0.28,0.11,-0.10,-0.11,-0.89,-0.08,-0.34,-0.13,-0.16,0.06,0.09
LI_RG230_Oas1_P000110,0.03,-0.07,-0.03,0.06,-0.01,-0.04,0.09,0.12,-0.06,-0.08,-0.14,0.22,-0.26,0.17,0.07,0.36,-0.15,-0.04,-0.20,-0.02,0.08,-0.00,-0.32,-0.16,-0.01,0.10,0.12,0.24,-0.20,0.14,0.04,-0.02,0.10,-0.20,-0.09,0.18,0.03,0.01,-0.43,0.20,-0.06,-0.17,0.19,0.73,0.16,-0.00,0.09,-0.14,0.11,0.42
LI_RG230__P003789,0.07,-0.38,-0.26,-0.14,-0.67,0.26,-0.30,-0.11,0.12,-0.63,-0.66,-0.74,-0.17,-0.33,0.06,-0.04,0.57,0.33,0.21,-0.11,-0.31,-0.02,0.22,0.18,-0.80,-0.18,-0.42,0.21,0.21,0.20,0.35,0.34,0.33,-0.24,-0.13,0.12,0.32,0.41,-0.77,-0.28,0.20,-0.12,-0.24,-0.94,0.78,-0.57,-0.50,-0.07,0.91,0.40
LI_RG230_Sorcs1_predicted_P033149,0.03,-0.03,0.14,0.01,0.16,-0.31,0.12,0.31,-0.15,-0.11,-0.06,-0.26,-0.26,0.11,-0.10,0.22,0.11,-0.59,-0.34,-0.28,-0.62,0.64,-0.05,-0.44,0.29,-0.07,-0.24,-0.17,-0.07,0.15,-0.26,0.52,0.01,-0.09,0.08,-0.19,-0.21,0.34,0.24,0.04,0.06,0.04,0.15,-0.53,-0.44,0.26,-0.02,-0.01,-0.49,0.09
LI_RG230_Mizf_predicted_P017862,0.04,-0.10,0.02,0.01,0.00,0.07,-0.05,0.01,-0.07,0.04,0.04,-0.05,0.06,-0.03,0.19,0.08,0.02,-0.04,0.04,0.01,0.02,-0.03,-0.05,0.04,0.01,-0.02,-0.04,-0.03,0.10,0.04,0.10,-0.05,0.06,-0.13,0.01,0.06,0.03,-0.02,0.04,0.15,-0.04,0.14,-0.06,0.02,0.08,0.04,0.03,0.13,0.03,0.04
LI_RG230_Acbd6_P000759,-0.05,-0.21,-0.03,0.26,-0.07,-0.12,-0.12,-0.03,0.01,-0.18,0.24,-0.03,-0.08,0.08,0.04,-0.10,-0.05,-0.03,0.06,-0.14,-0.31,-0.02,0.20,-0.06,-0.01,0.01,0.06,0.04,-0.02,-0.05,-0.25,0.08,0.05,0.29,0.17,0.16,0.05,-0.17,0.20,-0.21,-0.20,-0.11,0.07,0.03,0.21,-0.14,-0.14,0.03,-0.07,0.05
LI_RG230_Stx3_P028268,-0.08,0.07,-0.10,-0.10,-0.06,-0.42,-0.38,-0.17,-0.36,-0.13,-0.09,0.27,0.24,-0.41,0.23,0.03,-0.49,-0.44,-0.30,-0.16,0.13,0.06,-0.53,-0.08,-0.19,-0.34,-0.42,0.16,0.04,-0.14,-0.20,0.26,0.02,-0.08,-0.32,-0.13,-0.28,0.19,-0.06,-0.43,-0.48,-0.23,-0.45,-0.70,-0.34,0.52,0.12,-0.14,0.01,-0.09
LI_RG230__P008845,0.07,0.00,0.12,-0.02,0.09,0.06,0.02,0.03,0.05,-0.01,-0.06,0.13,0.00,0.23,-0.12,0.12,0.08,0.07,-0.04,0.08,-0.11,0.01,-0.23,0.06,-0.05,0.09,0.12,0.09,-0.02,0.09,0.02,-0.05,0.12,-0.04,-0.00,0.01,-0.02,0.17,0.14,0.03,0.08,-0.06,0.02,-0.04,0.23,0.06,0.08,0.01,0.07,0.15
LI_RG230_Ppfibp2_P022908,-0.07,-0.16,0.08,-0.05,-0.02,-0.11,-0.11,-0.06,-0.07,0.00,0.00,0.18,-0.04,-0.11,0.02,0.07,0.01,-0.00,-0.07,-0.01,0.12,-0.13,-0.09,-0.04,-0.01,-0.04,-0.01,0.10,-0.00,-0.11,0.05,-0.01,-0.34,-0.19,0.06,-0.10,-0.04,-0.07,0.02,-0.11,-0.09,-0.06,-0.03,0.11,-0.07,-0.09,-0.11,0.08,0.00,-0.05
LI_RG230_RGD1310634_predicted_P002358,-0.02,-0.04,-0.02,0.02,-0.00,0.11,-0.03,0.04,-0.02,0.03,-0.02,0.09,-0.01,-0.04,-0.09,0.02,0.02,0.06,-0.00,-0.07,0.10,-0.00,0.13,-0.05,-0.05,-0.02,0.00,-0.12,0.02,-0.04,0.08,0.00,-0.04,0.10,-0.17,0.12,0.12,-0.04,-0.14,0.01,-0.05,0.01,0.05,0.18,0.04,0.04,-0.03,0.04,-0.01,0.04
LI_RG230_RGD1565098_predicted_P004606,0.07,-0.12,-0.09,0.17,0.09,-0.01,0.08,-0.10,0.15,-0.56,0.04,-0.21,-0.27,0.18,0.67,0.41,-0.34,-0.13,0.14,0.01,0.10,0.06,0.04,-0.17,0.13,-0.09,-0.08,0.14,-0.11,0.36,-0.33,0.21,-0.12,0.07,-0.13,0.27,0.01,0.10,-0.21,0.03,0.02,0.02,0.27,0.02,-0.04,0.24,-0.08,-0.13,0.18,-0.09
LI_RG230_Calm1_P006644,-0.00,-0.04,0.06,0.01,0.00,0.01,0.01,0.04,0.02,-0.05,-0.08,0.03,0.04,-0.01,-0.01,0.15,0.01,-0.04,-0.02,0.02,0.16,-0.04,0.01,0.01,0.01,-0.00,0.03,0.00,0.03,-0.08,-0.03,0.01,0.13,-0.02,0.09,0.04,0.03,0.04,0.03,-0.05,0.06,-0.01,-0.03,0.11,-0.16,-0.04,-0.03,0.00,0.02,0.01
LI_RG230__P009655,0.09,0.03,-0.04,0.11,0.00,-0.01,-0.03,-0.09,0.11,-0.21,0.09,-0.03,0.10,0.16,0.03,-0.02,0.09,-0.31,0.35,-0.03,0.07,0.03,0.08,0.08,0.09,-0.06,0.03,-0.08,-0.06,0.04,0.01,0.10,0.21,0.05,0.07,-0.06,0.34,0.51,-0.04,-0.10,-0.35,-0.09,0.25,0.12,-0.07,0.04,0.09,-0.10,-0.07,-0.19
LI_RG230_Lamr1_P016914,0.06,0.02,0.12,0.07,0.08,0.02,0.04,-0.01,0.08,0.04,-0.04,0.02,0.02,-0.03,-0.02,0.07,0.04,0.03,0.04,0.07,0.08,0.07,0.07,0.07,0.08,-0.03,0.01,0.23,0.06,0.00,-0.02,0.04,-0.06,0.04,0.07,0.01,0.05,0.10,-0.05,0.05,0.06,0.05,0.03,-0.02,0.09,-0.01,0.06,0.07,0.07,0.09
LI_RG230_Trib1_P032028,-0.09,-0.14,-0.17,-0.14,-0.06,-0.02,-0.00,-0.00,-0.17,-0.21,-0.06,-0.01,-0.00,0.05,0.15,0.11,0.04,-0.17,-0.12,-0.18,0.01,-0.14,-0.08,0.13,-0.10,0.02,-0.18,0.28,-0.11,-0.08,-0.01,-0.06,-0.09,-0.47,-0.19,-0.15,-0.21,0.07,0.14,-0.04,0.15,-0.08,-0.13,-0.74,0.06,-0.16,-0.16,0.01,-0.12,-0.09
LI_RG230__P008126,0.04,-0.03,0.07,-0.03,0.01,-0.06,-0.03,-0.03,0.05,0.06,-0.21,0.01,0.12,-0.06,0.02,0.02,-0.14,0.07,0.01,0.01,0.17,0.03,-0.12,0.04,-0.02,-0.07,-0.04,-0.16,-0.01,-0.03,-0.01,0.04,-0.20,-0.02,0.06,-0.03,0.08,-0.01,-0.02,0.03,-0.09,0.10,0.04,-0.23,0.11,0.02,-0.02,-0.03,0.06,0.18
LI_RG230__P014789,-0.10,0.09,-0.15,0.05,-0.07,0.08,0.22,0.03,0.02,0.09,-0.06,0.13,0.14,-0.02,0.00,0.02,0.07,-0.08,-0.05,-0.09,-0.15,-0.10,-0.40,0.00,0.06,0.27,0.04,0.09,-0.12,-0.03,-0.07,-0.11,0.28,0.14,0.19,-0.25,-0.02,-0.03,0.14,-0.07,0.03,-0.09,0.01,-0.06,0.01,-0.15,-0.03,0.26,0.10,0.17
LI_RG230__P010705,0.01,0.52,0.22,-0.02,-0.05,0.20,0.42,0.18,0.36,0.27,0.08,0.19,-0.20,-0.08,-0.10,0.03,-0.29,0.09,0.17,0.41,0.18,0.23,-0.27,-0.07,0.48,0.07,0.18,-0.44,-0.06,0.19,-0.14,0.31,0.17,-0.11,0.05,0.39,0.30,0.00,0.02,-0.09,0.43,-0.36,-0.18,0.62,-0.22,0.13,0.10,-0.43,0.33,0.12
LI_RG230__P030492,0.00,-0.02,0.07,0.01,0.09,0.14,0.00,0.19,0.03,0.03,-0.08,0.07,0.06,-0.03,0.01,-0.09,0.07,0.10,0.02,0.00,-0.08,0.00,-0.20,0.03,0.07,0.06,0.16,0.03,0.07,0.13,0.01,0.01,0.06,0.10,-0.12,-0.02,-0.08,-0.14,0.06,0.08,-0.15,-0.02,0.00,0.14,0.07,0.04,0.08,0.17,0.01,0.04
LI_RG230_Abt1_P000711,0.02,0.04,0.01,-0.07,-0.02,0.01,0.06,0.02,0.02,-0.01,0.06,0.12,-0.00,0.06,-0.17,-0.05,0.05,-0.00,0.10,0.08,0.04,0.04,0.03,0.04,0.02,-0.05,0.01,0.01,0.05,-0.00,0.02,0.06,0.05,0.05,-0.01,-0.03,0.08,-0.04,-0.02,0.02,-0.02,-0.01,-0.01,-0.17,-0.02,0.08,-0.03,0.01,-0.01,0.01
LI_RG230_Cck_P004662,-0.02,0.02,-0.21,-0.03,0.05,0.02,0.06,0.00,0.00,0.03,-0.19,-0.01,0.00,0.22,-0.01,-0.04,0.07,-0.10,-0.11,-0.10,-0.02,0.02,-0.11,0.03,0.17,0.02,0.07,-0.05,-0.02,-0.12,-0.01,-0.12,-0.19,-0.13,0.05,-0.12,-0.03,0.00,0.01,0.03,0.01,-0.06,0.06,-0.12,-0.03,-0.34,-0.08,-0.03,-0.00,0.13
LI_RG230__P029535,-0.14,-0.23,-0.30,-0.30,-0.29,-0.15,0.06,-0.28,-0.21,0.03,-0.01,0.08,-0.38,-0.07,-0.23,0.16,0.10,-0.02,-0.24,-0.03,-0.12,-0.18,-0.06,-0.02,0.02,-0.12,-0.42,0.22,-0.07,-0.40,0.14,-0.05,-0.07,-0.28,-0.35,-0.23,-0.43,-0.23,0.11,-0.03,-0.29,-0.13,-0.54,-0.01,-0.15,-0.50,-0.21,-0.18,-0.17,-0.10
LI_RG230_Slc12a2_P014212,0.01,0.07,0.09,-0.03,0.03,-0.04,-0.05,0.14,0.19,0.08,-0.25,0.30,-0.00,0.03,0.09,-0.10,0.06,0.09,-0.21,0.16,0.08,-0.10,-0.16,-0.26,0.03,0.22,-0.11,0.00,-0.10,0.07,0.13,0.06,-0.30,0.14,0.08,-0.01,-0.02,0.40,0.01,0.02,0.12,0.10,-0.03,-0.60,0.24,-0.19,-0.06,-0.01,0.04,0.51
LI_RG230_Sfxn1_P032034,0.07,0.01,0.03,0.03,0.09,0.07,0.02,0.03,0.05,-0.01,0.04,0.11,0.03,-0.15,0.03,0.02,0.00,0.04,0.08,0.01,0.12,-0.08,0.14,-0.01,-0.03,-0.11,-0.08,0.08,0.01,0.05,0.05,-0.02,0.25,0.07,-0.03,0.01,0.07,0.18,-0.01,0.01,0.07,0.02,0.04,-0.23,-0.03,0.24,0.07,0.02,-0.00,-0.09
LI_RG230_Dnaja4_P006673,0.03,-0.07,-0.40,0.02,-0.03,-0.10,0.00,-0.06,0.08,-0.04,0.04,-0.01,-0.13,-0.17,-0.29,0.02,0.10,-0.12,0.03,0.02,0.08,-0.03,-0.01,-0.09,-0.08,0.05,-0.11,-0.07,-0.05,-0.05,0.14,-0.07,-0.18,0.02,-0.03,-0.09,0.17,-0.13,-0.08,0.02,0.12,-0.03,0.29,-0.58,-0.17,0.03,-0.11,-0.14,0.01,-0.04
LI_RG230_Ptdsr_P018680,-0.41,0.04,-0.27,-0.16,-0.21,0.04,0.07,-0.39,-0.05,-0.25,0.14,-0.00,-0.08,0.14,0.29,-0.10,-0.17,-0.39,0.14,-0.14,0.26,0.14,-0.19,-0.07,-0.24,0.00,-0.03,-0.11,0.17,-0.15,-0.26,0.04,0.18,0.07,0.04,0.13,-0.20,-0.26,-0.06,-0.32,0.29,-0.35,-0.35,-1.44,-0.28,0.02,-0.22,-0.08,0.02,0.09
LI_RG230__P008004,-0.15,0.32,0.35,0.35,-0.20,0.15,-0.10,-0.16,-0.42,-0.16,0.01,-0.38,-0.53,-0.14,0.38,0.21,-0.26,-0.16,0.53,0.30,0.17,-0.01,0.49,-0.02,-0.27,-0.30,0.15,0.13,0.14,-0.29,0.65,0.35,0.78,0.76,0.35,0.13,0.08,-0.15,-0.36,0.28,-0.33,0.20,0.26,0.25,0.26,-0.12,0.14,-0.18,0.25,-0.51
LI_RU1_LOC304138_P005797,0.01,-0.18,-0.06,0.18,-0.00,-0.01,0.01,0.07,-0.03,0.10,0.19,0.14,-0.02,0.26,0.03,0.05,-0.07,0.01,-0.19,0.04,-0.05,-0.15,-0.09,-0.09,-0.03,0.24,-0.17,0.14,0.07,0.10,0.04,0.02,-0.23,0.07,-0.02,0.17,-0.16,-0.26,-0.07,0.04,-0.20,0.12,0.03,0.48,0.23,0.02,0.05,-0.15,-0.09,-0.26
LI_RU1_RGD1563438_predicted_P020005,0.04,0.17,0.08,-0.08,0.05,0.05,-0.01,-0.05,-0.03,-0.11,-0.04,0.04,-0.01,-0.03,-0.02,0.04,0.00,0.02,0.05,0.00,0.07,0.05,0.00,0.06,-0.00,-0.09,-0.03,-0.01,0.17,0.04,-0.01,0.04,-0.05,-0.02,-0.05,-0.17,0.11,-0.07,-0.07,0.01,-0.07,-0.02,0.02,-0.26,-0.12,0.15,-0.02,-0.09,0.03,-0.03
LI_RU1_Catna1_P003733,0.02,-0.04,0.07,0.21,-0.01,-0.04,-0.01,0.09,-0.06,0.10,-0.04,0.05,0.14,-0.06,-0.03,-0.03,0.18,0.09,-0.07,-0.01,0.14,0.05,0.13,0.02,-0.01,-0.05,0.02,0.01,0.04,-0.06,-0.04,0.08,-0.18,-0.01,0.01,0.13,0.12,0.20,-0.01,0.11,0.16,-0.18,-0.17,-0.07,-0.02,0.07,0.02,0.01,0.06,0.02
LI_RU1_Ak3l1_P000909,-0.04,-0.19,0.05,0.06,0.05,-0.07,-0.13,-0.05,0.13,0.06,-0.01,-0.06,-0.08,-0.06,-0.17,-0.08,-0.07,0.11,-0.12,0.13,-0.08,-0.07,0.05,0.02,0.05,0.12,-0.08,-0.05,0.10,0.26,-0.11,-0.11,0.04,0.06,0.12,-0.01,-0.05,0.07,0.03,-0.08,-0.11,0.04,0.02,-0.18,0.39,0.01,0.01,0.01,-0.04,-0.41
LI_RU1_Tcfcp2_predicted_P031642,0.05,0.15,-0.03,-0.02,-0.05,-0.06,0.03,0.03,-0.08,-0.03,0.18,-0.01,0.05,0.05,0.02,-0.15,-0.01,0.05,0.08,0.05,0.16,-0.01,-0.14,-0.05,0.06,-0.01,-0.01,-0.12,0.01,-0.01,0.01,0.04,-0.10,-0.08,-0.14,-0.09,-0.08,-0.04,-0.07,0.00,0.00,-0.07,-0.04,0.24,-0.22,0.10,0.03,-0.04,-0.06,0.09
LI_RU1_RGD1310794_P025517,0.09,-0.02,0.04,-0.06,0.19,0.03,0.05,0.07,0.10,0.07,-0.04,0.06,0.07,0.07,0.08,0.06,0.07,0.03,0.06,0.02,0.09,0.06,0.02,0.02,0.03,-0.01,0.14,0.04,0.10,0.20,-0.06,0.06,-0.03,-0.03,0.20,-0.07,0.05,0.16,0.14,0.07,-0.06,-0.01,0.09,-0.02,-0.10,0.06,0.04,-0.00,0.11,0.09
LI_RU1_Neo1_P019510,0.12,0.04,-0.03,0.19,-0.01,-0.05,0.00,-0.02,0.10,0.06,0.11,0.07,0.12,0.00,0.08,0.04,0.05,-0.02,0.07,0.04,0.18,0.04,-0.01,0.02,0.05,-0.01,0.15,0.17,-0.07,-0.11,0.12,0.04,0.20,-0.25,-0.18,0.22,0.20,0.17,0.07,0.15,0.20,-0.09,0.00,0.31,0.03,-0.05,0.10,-0.05,0.18,0.18
LI_RU1_Hkr2_predicted_P012568,0.06,0.06,-0.07,0.05,0.08,0.05,0.13,0.01,0.05,-0.00,-0.03,0.05,-0.00,0.06,0.01,0.04,0.04,0.04,-0.01,0.08,-0.04,0.05,-0.18,0.02,0.05,0.02,0.02,-0.01,0.10,0.02,-0.02,-0.06,0.02,0.13,0.14,0.02,-0.08,0.07,0.06,-0.11,-0.01,0.05,0.13,0.06,0.05,0.02,0.04,-0.06,-0.10,-0.15
LI_RU1_Crx_P005353,-0.05,-0.07,0.04,0.02,-0.06,-0.04,-0.06,0.02,-0.04,0.08,0.09,-0.00,0.01,-0.01,0.07,-0.15,0.04,-0.08,0.08,-0.06,0.06,-0.13,-0.01,-0.02,0.01,0.01,0.10,-0.12,-0.01,-0.10,0.06,0.14,-0.39,-0.18,0.02,-0.19,-0.01,0.04,0.10,-0.03,-0.03,-0.40,-0.37,0.21,-0.09,-0.16,0.01,0.02,0.19,0.12
LI_RU1_Pdk3_mapped_P023192,0.01,-0.18,0.16,0.00,0.03,0.02,-0.15,-0.01,0.01,0.16,0.05,-0.08,0.03,0.04,0.16,0.21,-0.18,0.15,-0.06,0.03,0.01,-0.05,0.06,-0.01,0.04,0.02,-0.06,0.10,0.02,0.01,0.03,0.01,0.32,0.12,0.22,0.10,-0.02,-0.14,-0.05,-0.00,-0.10,0.23,0.06,-0.41,0.10,-0.00,-0.05,-0.00,0.04,-0.54
LI_RU1__P021086,0.01,0.03,0.04,0.01,-0.01,0.02,0.04,0.04,0.02,-0.07,0.02,0.05,-0.03,0.17,-0.02,-0.10,-0.06,-0.03,0.05,0.03,-0.01,0.06,0.01,-0.01,0.00,0.06,-0.01,0.04,0.02,-0.05,0.04,0.02,-0.16,0.03,-0.01,-0.01,-0.05,-0.13,-0.03,-0.04,-0.19,-0.01,-0.00,0.20,-0.04,0.06,-0.01,-0.06,-0.00,-0.17
LI_RU1_Mrps18a_P018437,0.02,-0.04,0.01,0.01,-0.00,-0.00,0.04,-0.01,-0.02,0.03,-0.01,0.04,0.01,-0.11,-0.01,0.01,0.08,-0.03,0.06,-0.07,-0.04,-0.02,0.00,0.08,-0.04,-0.06,-0.09,0.03,-0.01,-0.06,-0.02,-0.07,-0.07,0.03,0.15,0.13,-0.05,0.05,0.02,-0.02,-0.00,-0.06,-0.03,-0.18,-0.05,0.01,-0.02,0.06,0.04,0.16
LI_RU1_RGD1306105_predicted_P024998,0.02,-0.02,0.27,0.09,0.16,0.04,0.04,0.00,0.11,0.07,-0.13,0.13,0.04,0.06,0.20,0.09,0.02,-0.03,0.12,0.13,0.09,0.17,-0.11,0.03,0.02,0.07,-0.01,0.13,0.22,0.22,0.12,-0.29,0.37,0.18,0.10,-0.17,-0.02,0.20,0.02,0.14,0.05,0.06,0.04,-0.07,0.02,-0.12,0.15,-0.10,0.04,-0.21
LI_RU1_Chfr_P004541,0.01,-0.03,-0.06,0.09,0.02,-0.04,-0.15,-0.06,-0.02,-0.14,0.05,-0.01,-0.03,0.06,0.09,-0.26,0.00,-0.03,-0.04,-0.05,-0.02,-0.15,-0.07,-0.07,-0.11,0.04,-0.08,-0.04,0.04,-0.06,0.02,-0.08,-0.09,0.02,-0.06,0.11,-0.02,-0.02,-0.02,-0.04,-0.12,-0.10,-0.08,0.28,0.04,-0.06,-0.04,-0.13,-0.08,-0.06
LI_RU1_Tbc1d2b_P028426,-0.06,0.03,-0.04,-0.02,-0.10,-0.03,-0.06,-0.03,-0.05,0.01,-0.01,0.04,-0.06,0.02,0.12,-0.11,-0.14,0.03,0.03,-0.03,-0.03,-0.03,-0.11,-0.11,0.00,-0.01,-0.11,-0.04,-0.04,-0.06,0.08,0.01,0.06,-0.12,-0.16,-0.04,-0.09,-0.27,-0.03,-0.03,-0.07,-0.07,-0.10,0.11,-0.15,0.14,-0.02,-0.07,0.02,0.15
LI_RU1__P028794,-0.14,-0.25,0.01,0.15,-0.14,-0.08,-0.05,0.06,-0.19,-0.07,0.04,0.10,0.07,0.17,0.07,-0.03,0.23,-0.01,-0.08,-0.05,0.01,-0.04,0.03,0.18,-0.11,0.05,0.12,-0.04,0.16,0.04,-0.06,-0.14,-0.29,-0.17,0.02,0.26,-0.17,0.05,0.00,0.01,-0.07,-0.18,-0.20,0.18,-0.01,-0.20,-0.06,0.09,0.18,-0.30
LI_RU1_Slc16a1_P026982,0.04,0.09,0.03,0.19,0.03,0.06,0.11,0.03,0.18,0.01,-0.01,0.01,0.01,-0.05,-0.00,-0.09,0.21,-0.00,-0.29,-0.01,-0.15,-0.13,-0.07,-0.20,0.07,0.04,-0.08,0.10,0.04,0.10,-0.07,-0.10,-0.18,0.14,-0.03,0.07,0.12,-0.02,-0.07,0.05,0.23,-0.10,-0.11,-0.07,0.17,-0.19,-0.03,-0.19,-0.21,-0.50
LI_RU1_Fosl1_P012100,0.13,-0.00,-0.08,0.00,-0.02,-0.08,0.07,0.07,-0.01,0.07,0.04,0.13,0.06,-0.12,0.12,0.19,0.01,-0.07,0.12,-0.02,0.21,0.13,0.11,0.05,0.26,0.04,0.13,0.01,-0.02,-0.06,0.01,-0.06,0.06,-0.29,-0.26,-0.07,-0.12,0.06,0.03,0.07,0.10,-0.12,0.20,0.70,-0.17,-0.23,0.12,0.09,0.04,0.09
LI_RU1_RGD1565536_predicted_P014578,-0.01,0.05,0.02,-0.07,-0.00,-0.03,-0.03,0.01,0.04,-0.02,-0.02,-0.01,-0.05,0.02,0.01,-0.10,-0.11,-0.01,-0.07,0.06,-0.03,-0.00,-0.04,-0.05,-0.11,-0.04,-0.05,-0.05,0.06,0.03,-0.04,-0.06,0.11,0.06,-0.07,0.06,0.01,-0.03,0.04,-0.02,-0.10,-0.07,-0.09,-0.18,-0.01,0.01,-0.01,-0.01,-0.10,-0.07
LI_RU1_Ube2g2_predicted_P032617,0.03,0.20,0.08,0.00,0.08,-0.00,0.06,0.05,0.26,0.03,0.04,0.02,0.06,0.03,-0.03,0.07,0.21,0.02,0.19,0.10,-0.03,0.05,0.07,0.21,0.01,-0.03,-0.13,-0.00,0.10,0.03,-0.07,0.05,0.16,0.26,0.13,-0.01,0.10,0.17,0.17,0.03,0.27,0.02,0.02,-0.11,0.15,0.03,0.01,-0.01,0.03,-0.11
LI_RU1_Rras2_P023755,0.03,0.01,0.01,-0.01,-0.01,0.00,0.04,-0.03,-0.09,0.04,-0.04,0.03,-0.02,0.08,0.05,0.06,-0.08,-0.06,0.01,0.03,-0.02,-0.01,-0.04,0.06,0.04,0.02,0.05,0.00,0.01,-0.00,0.04,-0.14,0.01,-0.07,-0.09,-0.02,-0.05,0.01,0.02,0.01,0.02,0.01,-0.05,0.11,-0.07,-0.03,0.01,-0.04,0.07,0.01
LI_RU1_Dusp22_predicted_P006967,0.04,0.03,0.04,0.06,0.05,-0.01,0.09,-0.01,-0.05,-0.02,0.01,0.01,0.03,-0.11,-0.02,-0.00,0.03,0.09,-0.04,0.08,0.14,0.05,0.03,-0.01,-0.05,-0.02,0.06,0.12,-0.03,-0.01,-0.00,-0.00,0.04,0.05,0.20,-0.01,0.06,0.05,-0.06,0.02,-0.01,-0.04,-0.02,0.31,-0.00,0.08,0.04,-0.10,0.05,0.09
LI_RU1_Ela1_P007251,0.04,0.14,-0.02,-0.04,-0.07,-0.08,-0.10,-0.03,0.00,-0.04,0.06,-0.08,-0.10,-0.13,0.10,-0.22,-0.04,-0.06,-0.15,-0.06,0.04,0.09,0.01,-0.04,0.00,-0.03,-0.02,-0.02,0.02,0.13,-0.21,-0.04,-0.15,0.03,0.08,-0.05,-0.04,-0.35,-0.06,-0.02,-0.20,0.05,0.03,-0.25,-0.03,0.04,-0.05,-0.04,-0.11,-0.18
LI_RU1_Ccr7_P004577,0.12,-0.03,0.08,0.06,-0.10,0.09,0.12,0.09,-0.02,0.08,0.19,-0.01,0.41,-0.06,0.39,0.07,0.10,-0.13,-0.22,0.13,0.49,-0.13,0.07,-0.20,0.01,-0.02,0.20,0.27,0.19,0.12,0.10,-0.26,0.12,-0.02,0.07,-0.01,-0.00,-0.11,0.05,0.04,-0.02,0.02,0.06,0.50,0.22,0.15,-0.14,-0.03,0.01,0.03
LI_RU1_Ces3_P003528,-0.03,-0.08,-0.01,-0.08,0.35,-0.00,0.05,0.01,-0.16,0.14,0.04,0.03,0.14,0.08,-0.08,0.11,0.34,0.01,0.06,-0.10,0.01,-0.04,0.10,-0.02,-0.11,0.01,-0.01,-0.09,0.06,0.01,-0.05,0.05,0.40,0.07,-0.24,-0.06,-0.12,-0.00,-0.12,0.00,0.05,-0.04,-0.08,-0.38,-0.39,-0.08,0.06,-0.17,0.09,0.03
LI_RU1__P016174,0.05,-0.03,-0.10,-0.03,0.02,0.05,0.04,0.01,-0.11,0.01,-0.09,-0.12,0.03,-0.05,0.05,-0.10,0.02,0.10,-0.02,0.05,0.05,-0.02,-0.04,0.04,0.03,-0.14,0.01,0.06,0.02,0.07,-0.09,-0.01,0.00,0.04,-0.08,-0.00,0.01,-0.12,-0.01,0.01,-0.17,0.09,0.09,0.24,0.05,0.01,-0.01,0.02,0.07,-0.11
LI_RU1_RGD1306721_P013550,0.01,-0.04,-0.05,0.04,-0.04,-0.05,-0.01,-0.04,0.06,-0.01,0.01,-0.03,0.07,-0.02,0.02,-0.02,-0.04,0.08,-0.12,0.07,-0.09,-0.07,-0.16,-0.08,-0.09,0.01,-0.08,0.01,0.00,0.01,-0.07,-0.04,-0.07,-0.02,-0.06,0.04,-0.07,-0.02,0.09,0.01,0.07,-0.11,-0.11,0.10,-0.01,-0.01,0.01,0.02,-0.07,-0.14
LI_RU1_RGD1563794_predicted_P024115,0.15,0.10,0.07,0.09,0.09,0.02,0.02,0.07,0.06,0.01,0.08,0.03,0.11,-0.06,0.05,0.13,0.02,0.11,-0.03,0.08,0.25,0.07,-0.01,0.13,0.03,0.03,0.08,0.08,0.09,0.10,-0.00,0.01,0.30,-0.02,0.18,-0.05,0.09,0.16,0.07,0.07,0.02,0.14,0.18,0.03,-0.10,0.17,0.09,0.11,0.02,-0.15
LI_RU1_LOC289809_P023075,0.07,-0.07,0.06,0.08,0.19,-0.01,0.04,-0.06,0.04,-0.07,-0.02,-0.06,0.03,0.05,-0.08,0.07,0.10,0.08,-0.16,0.07,-0.11,0.10,-0.05,0.05,0.03,-0.00,-0.07,-0.03,0.12,0.14,0.00,-0.04,0.17,0.01,0.01,0.14,-0.00,0.15,-0.00,0.04,0.18,0.12,0.05,-0.10,-0.09,-0.03,-0.02,-0.07,-0.02,-0.08
LI_RU1_RGD1305235_P024746,0.01,-0.06,0.05,-0.07,0.02,0.01,-0.02,0.02,0.10,0.08,0.01,-0.09,-0.02,-0.08,0.00,0.05,-0.03,-0.03,-0.09,0.05,-0.03,0.04,-0.03,0.06,0.01,0.05,0.06,0.12,0.08,0.01,-0.03,-0.17,-0.19,0.16,0.21,0.04,0.03,-0.03,0.00,0.03,-0.15,0.05,0.00,0.27,0.17,-0.02,0.08,0.03,0.02,-0.07
LI_RU1_Ppp1r1a_P022744,-0.11,-0.01,0.04,0.03,0.07,0.13,0.13,-0.08,-0.03,0.00,0.17,0.05,-0.01,0.16,0.10,-0.15,0.00,-0.02,-0.04,0.03,0.04,-0.01,0.25,-0.01,0.01,0.01,-0.11,-0.05,-0.25,0.00,-0.07,0.13,0.14,-0.14,0.16,0.07,0.01,0.08,0.22,-0.08,-0.00,-0.05,-0.18,0.23,0.13,-0.03,0.03,0.03,0.05,-0.03
LI_RU1_Gabrr3_P012341,-0.08,0.00,-0.10,0.09,-0.18,-0.17,-0.05,0.01,-0.10,-0.11,0.24,0.01,0.07,-0.10,0.04,0.03,0.17,0.12,0.02,0.08,-0.12,0.11,0.26,0.00,0.16,-0.01,0.28,-0.17,0.00,0.04,-0.07,0.20,-0.03,-0.05,-0.02,0.02,0.14,-0.01,0.01,0.04,-0.03,0.11,0.20,0.39,0.12,0.12,0.06,-0.01,0.10,0.25
LI_RU1__P014652,-0.05,-0.03,0.03,-0.03,0.15,0.07,0.12,-0.01,0.13,0.04,0.03,-0.12,0.04,-0.23,0.05,0.10,-0.24,0.07,0.11,0.04,0.12,0.10,0.11,0.12,0.13,-0.08,-0.30,0.08,-0.05,-0.34,-0.00,0.02,0.12,0.04,0.28,0.05,0.07,-0.05,-0.15,-0.01,0.17,0.24,0.19,0.27,-0.07,-0.01,-0.03,-0.04,-0.03,0.07
LI_RU1_Pres_P027103,0.08,-0.33,-0.17,0.12,0.10,-0.02,0.30,-0.12,-0.07,-0.06,0.10,-0.20,0.17,0.20,-0.00,0.31,0.14,0.09,0.04,-0.00,0.24,0.19,0.15,-0.08,-0.02,0.20,-0.12,-0.19,0.03,-0.14,-0.01,-0.17,-0.09,0.06,0.01,0.14,0.02,-0.08,-0.15,0.12,0.20,-0.13,-0.19,-0.18,-0.67,-0.93,-0.25,-0.11,0.35,0.22
LI_RU1_Ryr1_P025976,0.10,0.02,0.09,0.08,0.04,0.19,0.09,0.10,0.11,0.10,0.08,0.08,0.09,0.11,0.64,-0.22,0.53,0.03,0.57,0.01,-0.06,0.03,0.09,-0.01,0.02,-0.05,-0.06,0.17,0.29,0.09,0.31,0.08,0.06,-0.15,-0.04,0.07,0.09,0.06,0.09,0.29,-0.03,0.09,0.05,-0.12,-0.15,0.01,0.02,0.12,-0.05,0.27
LI_RU1_Accn3_P001399,-0.08,-0.00,-0.03,-0.23,-0.13,-0.07,0.05,-0.04,-0.12,0.10,-0.23,-0.12,-0.09,-0.07,-0.03,-0.26,0.10,-0.06,0.09,0.11,0.04,0.15,0.41,0.10,-0.03,0.00,0.07,-0.17,0.05,0.16,0.07,0.12,-0.38,-0.40,-0.23,-0.16,0.19,-0.09,0.05,0.01,-0.02,-0.23,-0.35,-0.38,0.16,-0.11,-0.01,0.07,0.38,0.02
LI_RU1_Aak1_predicted_P001710,0.10,-0.60,-0.25,-0.05,0.08,-0.04,0.11,0.00,0.33,-0.09,-0.01,0.05,0.01,0.22,-0.14,0.18,0.02,0.12,-0.19,-0.26,-0.07,-0.23,-0.06,-0.35,0.04,0.28,0.07,-0.05,0.32,0.26,0.06,0.20,0.62,-0.06,-0.12,0.04,0.12,0.25,0.04,-0.51,0.15,-0.06,-0.14,-0.01,-0.03,-0.19,-0.00,0.10,-0.14,-0.11
LI_RU1__P010937,0.10,0.03,0.11,0.02,0.09,0.16,0.05,-0.00,-0.15,-0.07,0.05,0.20,-0.02,0.25,0.28,0.39,-0.17,-0.22,-0.18,-0.12,0.20,-0.03,-0.15,-0.09,0.03,-0.36,-0.35,-0.02,-0.36,0.01,-0.17,0.24,0.04,0.07,0.14,0.12,-0.10,0.03,-0.42,-0.15,-0.01,-0.05,0.16,0.39,0.18,-0.25,-0.16,-0.14,-0.19,0.24
LI_RU1__P010857,-0.15,-0.01,-0.05,0.00,-0.31,-0.15,-0.08,0.01,-0.20,-0.06,-0.00,-0.10,-0.10,-0.11,-0.10,-0.04,-0.13,-0.26,0.05,-0.04,-0.08,-0.19,0.12,0.08,-0.15,-0.04,-0.01,-0.30,-0.24,-0.15,-0.02,0.17,-0.20,-0.24,-0.47,-0.05,0.13,-0.07,-0.17,-0.16,0.10,-0.22,-0.35,-0.31,0.04,0.05,-0.17,0.04,0.17,0.09
LI_RU1_Glrx2_P012769,-0.05,-0.06,0.08,0.01,-0.16,-0.02,0.01,0.04,0.06,0.14,0.23,0.01,-0.02,-0.01,-0.21,0.06,-0.13,0.07,0.09,0.11,-0.10,0.16,-0.10,0.09,0.08,-0.01,-0.04,0.05,-0.15,-0.18,-0.02,0.04,0.51,0.09,0.30,-0.12,-0.04,-0.01,0.01,0.08,0.23,-0.03,-0.00,-0.45,-0.17,-0.26,-0.01,0.23,0.00,0.26
LI_RU1_Kctd6_predicted_P021866,0.02,0.20,-0.04,-0.04,-0.01,0.00,-0.03,0.10,0.00,0.01,0.01,0.11,-0.01,0.19,-0.05,0.02,0.02,0.05,-0.01,0.05,-0.09,-0.02,-0.07,-0.06,-0.15,0.12,0.01,0.04,0.02,-0.05,0.05,-0.01,-0.08,0.00,-0.04,0.12,-0.06,0.04,0.07,-0.01,0.03,-0.03,-0.04,-0.02,0.10,-0.14,-0.04,-0.11,-0.04,-0.09
LI_RU1__P023539,0.07,-0.02,0.11,0.20,-0.16,-0.23,0.05,0.02,-0.04,0.07,0.09,-0.07,0.10,0.12,-0.07,-0.09,-0.16,0.00,-0.11,0.01,-0.18,-0.19,0.04,-0.01,-0.42,0.11,-0.32,-0.02,0.11,0.10,-0.08,0.07,-0.07,-0.09,-0.17,-0.06,0.07,-0.08,-0.11,-0.00,0.12,0.09,-0.11,0.07,0.06,-0.00,-0.07,0.05,-0.12,-0.16
LI_RU1__P010917,-0.02,-0.07,0.03,0.19,0.03,0.01,0.15,0.09,-0.11,-0.06,0.07,-0.01,0.11,-0.09,0.10,-0.30,0.01,0.17,-0.02,0.08,-0.05,-0.08,-0.15,0.16,-0.02,0.01,-0.20,0.02,0.27,0.20,-0.10,-0.09,0.41,0.27,0.24,0.10,0.04,0.12,0.00,0.01,0.02,0.13,0.11,0.50,0.40,-0.43,0.03,0.10,-0.34,-0.64
LI_RU1__P010872,-0.01,-0.01,0.01,-0.07,0.01,-0.01,-0.00,-0.05,-0.04,-0.09,0.01,0.04,-0.04,0.06,0.05,-0.10,-0.07,-0.11,-0.04,-0.04,-0.05,0.02,0.06,0.01,-0.05,-0.01,0.01,-0.01,-0.00,-0.04,0.02,0.01,-0.04,0.01,0.00,0.01,0.07,-0.19,-0.02,-0.11,-0.08,0.00,0.01,0.11,0.15,-0.03,-0.06,-0.04,0.11,0.10
LI_RU1_Rock2_P024230,0.02,0.02,0.10,0.11,-0.02,-0.03,0.03,0.04,0.03,-0.02,0.07,0.02,0.06,0.12,0.07,-0.01,-0.02,-0.08,-0.16,-0.02,-0.05,-0.08,-0.04,0.06,-0.03,0.12,-0.01,0.13,0.06,-0.02,-0.08,-0.06,-0.06,0.02,0.15,0.08,0.01,0.06,0.07,-0.01,-0.06,0.02,0.01,0.36,0.21,-0.00,0.01,0.02,-0.06,-0.27
LI_RU1_RGD1559440_predicted_P003106,-0.00,-0.02,0.04,0.06,-0.01,0.01,-0.09,-0.02,-0.04,-0.05,0.00,-0.13,-0.10,0.05,-0.02,-0.10,-0.00,-0.02,-0.10,-0.08,0.01,-0.10,-0.11,-0.07,-0.07,0.03,-0.04,0.01,-0.07,0.01,0.02,-0.04,-0.01,0.08,-0.24,-0.06,0.01,0.03,-0.18,-0.07,0.09,-0.08,-0.10,0.07,-0.15,-0.04,-0.10,-0.14,-0.06,-0.07
LI_RU1__P010789,-0.03,0.18,-0.02,-0.01,-0.03,-0.06,0.03,-0.07,-0.11,0.10,0.05,0.05,0.11,0.09,0.16,-0.09,-0.06,-0.05,0.08,0.03,0.09,0.02,-0.04,0.05,-0.00,0.05,0.02,-0.20,-0.01,-0.01,-0.04,0.02,-0.02,0.00,-0.18,-0.04,-0.06,0.13,-0.04,-0.05,0.08,-0.10,-0.03,-0.09,-0.02,-0.04,0.03,-0.01,-0.04,-0.06
LI_RU1_Isgf3g_P015925,0.09,-0.03,0.03,0.09,0.05,-0.01,0.07,0.01,-0.02,0.04,-0.06,0.02,0.10,0.03,-0.04,-0.00,-0.01,0.03,-0.05,0.03,0.15,0.12,-0.07,-0.07,0.16,0.04,0.04,0.04,0.01,0.18,-0.02,-0.08,0.04,-0.17,0.09,0.16,0.01,-0.06,-0.01,0.04,-0.05,-0.06,0.03,0.11,-0.04,-0.01,0.03,-0.04,0.21,0.37
LI_RU1_Ppapdc2_P021146,0.00,0.05,0.03,-0.08,-0.04,-0.04,-0.00,0.08,0.03,-0.04,0.00,0.05,-0.04,-0.03,0.03,-0.05,-0.05,-0.01,0.04,0.04,0.02,0.03,-0.07,-0.14,-0.04,0.06,-0.05,-0.07,-0.02,-0.03,0.08,0.15,0.22,-0.12,-0.10,-0.02,0.05,0.02,0.04,-0.08,-0.10,0.00,0.01,-0.23,-0.11,-0.02,-0.01,-0.01,0.00,-0.03
LI_RU1_Tpo1_P006387,0.01,0.03,-0.04,0.09,0.05,0.00,-0.00,-0.01,0.07,-0.00,0.02,0.14,0.04,0.19,0.11,-0.15,-0.08,-0.02,-0.02,0.01,0.00,-0.23,0.06,0.01,-0.05,0.02,0.07,0.12,0.08,0.08,-0.04,-0.04,-0.19,0.01,-0.04,-0.03,-0.09,-0.08,0.10,0.01,-0.23,0.10,-0.00,0.43,0.12,0.09,0.04,-0.12,-0.03,-0.44
Pick1_47651-LI,-0.01,-0.09,-0.03,-0.09,-0.04,-0.05,-0.06,0.02,-0.01,0.10,-0.18,0.08,-0.03,-0.01,-0.09,0.02,0.02,-0.09,-0.06,-0.04,-0.17,0.02,-0.10,-0.01,-0.00,-0.03,-0.03,0.02,-0.04,0.00,-0.04,0.01,0.10,-0.05,-0.06,-0.15,0.04,-0.00,0.19,-0.06,-0.04,-0.02,-0.06,0.03,-0.05,-0.13,-0.03,0.17,0.03,-0.01
Olr831_49527-LI,0.02,0.01,0.04,0.00,0.01,-0.01,0.00,0.00,-0.01,0.05,-0.01,0.01,0.00,0.01,0.00,0.01,-0.01,-0.01,0.00,0.01,0.03,0.00,0.02,-0.00,-0.00,-0.00,-0.01,-0.00,0.01,-0.01,0.01,0.01,0.17,-0.00,-0.00,0.00,0.04,0.01,0.01,0.01,-0.00,-0.00,0.00,-0.07,-0.01,0.01,-0.01,0.00,0.01,0.04
Arl6_35444-LI,0.06,0.04,0.01,0.00,-0.02,-0.06,0.07,0.01,-0.01,0.10,-0.07,0.01,0.02,-0.04,0.09,0.02,0.06,0.07,0.02,0.02,0.04,0.06,0.04,-0.08,-0.00,0.02,0.01,0.05,0.06,0.06,0.06,0.14,0.05,0.07,0.17,-0.03,0.06,0.10,0.17,0.05,-0.02,0.11,0.17,0.11,0.09,-0.00,0.04,0.12,0.04,-0.06
Ptbp1_32416-LI,-0.19,-0.31,-0.05,-0.18,-0.23,-0.10,0.04,-0.14,-0.17,0.06,-0.26,-0.04,-0.03,-0.12,-0.11,-0.07,-0.01,-0.23,-0.03,-0.12,-0.12,-0.09,-0.25,-0.07,-0.12,-0.16,-0.26,0.07,-0.12,-0.17,-0.20,-0.15,0.04,-0.22,-0.13,-0.32,-0.09,-0.18,0.20,0.05,-0.09,-0.12,-0.25,-0.30,-0.26,-0.13,-0.22,0.29,0.01,-0.06
Kif26b_35137-LI,0.04,-0.02,0.01,0.04,0.04,0.02,0.04,-0.02,-0.04,0.08,-0.03,-0.04,0.02,-0.04,-0.06,0.03,-0.04,0.03,0.11,-0.01,-0.05,0.01,0.03,0.01,-0.04,-0.03,-0.04,0.06,0.04,-0.04,-0.06,-0.02,0.16,0.01,0.04,0.04,0.02,-0.05,-0.02,0.02,-0.08,-0.03,-0.00,0.04,0.02,-0.00,-0.00,0.04,-0.02,-0.03
Olr1002_34763-LI,0.02,0.01,-0.01,0.00,0.01,0.01,0.01,-0.00,-0.00,0.01,-0.01,0.02,0.01,0.01,0.01,0.01,0.02,-0.01,0.00,0.00,0.01,-0.01,0.01,-0.00,-0.01,0.01,0.01,-0.01,-0.01,-0.01,0.04,0.01,-0.02,0.00,-0.00,-0.00,0.01,0.01,0.01,0.01,-0.01,0.00,0.01,0.00,-0.00,0.02,0.01,0.01,-0.02,-0.01
Slc9a8_53144-LI,-0.05,-0.15,0.01,-0.07,-0.03,-0.06,-0.03,-0.03,-0.04,0.20,-0.17,0.09,-0.02,0.05,0.02,-0.04,-0.05,-0.04,-0.02,-0.01,-0.20,-0.06,-0.09,-0.07,-0.05,-0.01,-0.04,0.03,0.05,-0.01,-0.09,-0.01,0.18,-0.06,-0.14,-0.23,-0.06,-0.03,0.12,-0.01,-0.15,-0.06,-0.09,0.07,-0.11,-0.13,0.00,0.14,-0.07,-0.25
Uck2_40081-LI,0.03,-0.00,-0.00,-0.01,-0.01,0.01,-0.00,-0.01,-0.00,0.20,-0.05,-0.00,-0.01,-0.01,0.01,0.05,-0.01,-0.01,-0.00,-0.03,-0.04,0.03,0.02,-0.04,0.03,-0.00,0.03,-0.02,0.02,-0.00,-0.02,0.01,0.10,-0.01,0.02,-0.00,0.01,0.02,0.01,0.00,-0.04,0.01,0.00,-0.09,-0.00,0.01,-0.03,0.01,-0.01,-0.17
AC096473.3_48407-LI,0.02,0.00,0.01,-0.00,-0.01,-0.01,-0.01,-0.00,-0.00,0.01,-0.01,-0.00,-0.00,-0.00,0.01,-0.00,0.01,-0.01,-0.00,-0.00,0.01,-0.01,0.04,-0.02,-0.03,0.00,-0.00,-0.04,0.01,-0.00,-0.00,0.01,-0.08,-0.01,-0.01,-0.01,-0.00,-0.00,0.00,0.00,-0.01,-0.01,-0.00,-0.03,-0.05,0.01,-0.01,-0.01,0.00,0.00
Lhx5_42714-LI,0.02,0.03,0.04,-0.01,0.01,0.01,-0.00,-0.01,0.00,0.01,-0.01,0.00,0.00,0.00,0.02,0.01,0.02,0.00,0.00,0.00,-0.00,0.00,0.01,-0.00,-0.01,-0.01,-0.00,0.01,0.01,-0.00,0.00,0.02,0.02,-0.01,-0.02,-0.00,-0.00,-0.01,0.01,-0.01,-0.01,0.00,0.00,0.02,-0.01,0.01,-0.01,0.00,0.01,0.00
Sdr16c6_47838-LI,0.03,-0.13,-0.01,0.09,0.12,0.01,-0.07,0.01,-0.01,0.05,-0.00,0.04,0.08,-0.04,-0.03,-0.06,0.02,-0.05,0.04,0.04,0.11,-0.10,0.14,-0.05,-0.03,-0.01,-0.12,0.05,-0.18,0.05,-0.03,-0.03,0.14,0.03,0.24,0.04,0.15,0.17,0.02,0.05,-0.09,-0.05,-0.10,0.01,0.14,-0.08,-0.01,0.01,-0.09,0.03
Ints6l_44802-LI,0.01,-0.02,-0.02,-0.03,-0.07,-0.06,-0.06,0.01,0.03,0.12,-0.12,0.06,-0.03,0.08,-0.06,-0.03,0.01,-0.00,0.01,-0.05,-0.04,-0.01,-0.08,-0.06,-0.09,0.06,0.03,-0.04,0.01,-0.01,-0.08,0.02,-0.10,-0.04,-0.05,-0.07,0.07,-0.04,0.09,0.01,-0.10,-0.02,-0.01,0.10,-0.05,0.00,-0.01,0.03,-0.02,-0.07
AC127076.1_38209-LI,0.03,0.01,0.03,0.00,0.01,-0.00,0.01,0.00,-0.00,-0.00,0.00,0.01,0.02,0.01,0.01,0.02,0.01,0.00,0.01,0.01,-0.01,0.00,0.01,0.01,-0.00,0.01,-0.06,-0.01,-0.03,-0.01,0.01,0.01,-0.00,0.01,0.00,-0.00,0.02,0.11,0.02,0.01,0.02,0.00,0.01,0.12,-0.01,0.01,-0.01,0.01,-0.01,0.04
AC105662.1_40172-LI,0.06,-0.01,0.01,-0.03,-0.01,0.00,-0.00,-0.00,0.00,0.12,-0.01,0.10,0.06,-0.02,-0.04,0.02,0.00,-0.02,-0.00,0.05,0.06,0.03,0.01,0.02,-0.02,-0.02,0.01,-0.00,0.08,-0.01,-0.03,0.06,0.04,0.03,0.03,-0.06,0.04,0.04,0.10,0.04,-0.15,0.02,0.03,-0.13,-0.03,0.01,0.02,0.03,0.20,0.08
Ntn5_35975-LI,0.02,-0.00,0.01,0.01,0.01,-0.00,0.00,0.00,-0.01,-0.02,-0.02,0.01,0.01,0.00,0.01,-0.01,-0.01,-0.01,0.00,-0.00,0.01,0.01,0.00,0.01,-0.01,0.00,-0.00,-0.01,0.01,0.00,0.01,0.02,-0.04,-0.00,-0.00,0.00,0.03,0.03,0.01,0.01,-0.01,-0.00,0.00,-0.01,-0.01,0.01,-0.01,0.01,0.01,0.07
Mex3b_33306-LI,0.02,-0.01,0.01,-0.00,-0.00,-0.01,-0.00,-0.00,-0.03,0.02,-0.02,-0.02,-0.03,0.00,0.00,-0.00,0.01,-0.02,0.01,-0.00,0.01,-0.00,0.00,-0.01,-0.01,-0.01,-0.00,-0.00,-0.00,-0.01,-0.00,0.01,-0.06,0.01,-0.01,-0.01,0.00,-0.01,-0.00,0.01,-0.02,-0.00,0.00,0.00,-0.01,0.00,-0.02,0.00,0.01,0.04
LOC108348052_37380-LI,0.03,0.02,0.01,0.02,0.00,-0.02,-0.04,-0.01,-0.00,-0.05,-0.01,-0.01,0.00,-0.02,0.01,0.03,0.00,0.02,0.01,-0.03,0.03,0.07,0.03,0.01,-0.01,-0.01,-0.01,-0.03,0.00,-0.02,-0.00,0.04,0.05,0.02,0.04,0.01,0.06,-0.07,0.04,0.01,0.00,-0.01,0.01,-0.01,-0.01,0.05,-0.02,0.03,0.02,0.03
Tomm22_44962-LI,0.03,-0.07,0.01,-0.11,-0.03,-0.06,-0.06,-0.01,-0.04,0.04,-0.21,0.15,-0.00,0.03,-0.09,0.06,-0.00,-0.07,-0.05,0.01,-0.01,0.01,-0.06,-0.01,-0.03,-0.06,0.03,0.12,0.04,-0.03,-0.09,0.09,0.08,-0.07,-0.02,-0.18,-0.02,-0.11,0.24,0.01,-0.01,-0.01,-0.04,-0.03,-0.07,0.04,0.03,0.15,0.01,0.03
Ampd1_32743-LI,0.04,-0.08,-0.06,-0.08,-0.11,-0.09,-0.04,0.09,0.02,0.38,-0.06,0.02,-0.09,0.06,-0.03,-0.07,0.09,-0.12,-0.01,-0.04,-0.23,0.01,-0.29,-0.20,-0.15,-0.01,0.26,-0.01,-0.03,-0.07,-0.03,-0.08,-0.17,-0.03,-0.22,-0.17,-0.12,-0.01,-0.05,0.06,0.00,-0.05,-0.05,0.06,-0.07,-0.07,-0.10,0.06,0.01,-0.16
AABR07028349.1_42416-LI,0.02,0.00,0.00,0.00,0.00,-0.00,-0.03,-0.01,-0.01,0.01,-0.01,0.00,0.01,0.01,0.00,0.00,-0.00,-0.01,-0.00,-0.01,0.01,-0.00,-0.01,-0.01,-0.01,-0.01,-0.00,0.02,0.01,-0.01,0.00,0.00,0.05,-0.00,-0.01,0.01,0.01,-0.01,0.01,0.00,-0.00,-0.00,-0.00,-0.08,-0.01,0.00,-0.01,-0.00,0.00,-0.01
Cd207_36100-LI,0.01,0.03,0.05,-0.03,-0.01,-0.05,0.01,0.01,0.03,0.02,-0.02,-0.00,0.02,0.04,-0.04,0.04,0.02,-0.01,-0.01,0.00,0.03,0.05,0.01,0.03,-0.02,0.00,-0.01,-0.03,0.01,0.01,-0.04,0.04,0.06,-0.02,0.01,-0.03,0.01,0.02,0.02,-0.01,0.03,0.01,-0.00,-0.13,-0.02,0.00,0.02,0.00,-0.01,0.02
Tspan2_51357-LI,-0.08,-0.06,0.03,-0.03,-0.06,-0.05,-0.03,-0.05,-0.05,0.06,-0.13,-0.04,-0.05,0.03,-0.09,-0.02,-0.06,-0.06,-0.06,-0.07,-0.06,-0.13,-0.14,-0.14,-0.11,0.07,-0.07,-0.12,-0.07,-0.05,-0.17,-0.12,-0.05,-0.09,-0.09,-0.10,0.03,-0.13,-0.02,-0.06,-0.11,-0.05,-0.07,-0.25,-0.14,-0.03,-0.07,-0.05,-0.05,-0.07
Or7e24_46806-LI,0.03,0.01,0.03,-0.00,0.01,0.00,0.01,-0.00,0.00,-0.04,-0.01,0.01,0.01,0.01,-0.03,0.01,0.00,-0.01,-0.00,0.01,0.01,0.01,0.01,0.01,0.00,0.00,0.01,-0.00,0.01,0.00,0.01,0.01,0.03,-0.01,-0.01,0.01,0.01,-0.01,0.00,0.02,-0.00,0.00,0.01,-0.05,0.01,0.01,-0.00,-0.01,0.00,-0.14
Sipa1_81431-LI,-0.04,-0.15,-0.09,-0.08,-0.14,-0.15,-0.11,-0.05,-0.03,0.09,-0.20,0.02,-0.11,0.03,-0.15,-0.15,-0.07,-0.06,-0.16,-0.07,-0.12,-0.08,-0.15,-0.12,-0.03,0.01,-0.04,-0.03,0.09,-0.05,-0.12,0.00,0.12,-0.09,0.05,-0.18,-0.01,-0.22,0.02,-0.04,-0.05,-0.10,-0.14,-0.05,-0.09,-0.13,-0.07,-0.01,0.03,-0.11
AC112534.2_43397-LI,0.01,0.02,0.02,0.01,0.01,-0.00,0.01,-0.01,0.01,0.02,0.00,0.00,0.01,0.01,0.02,0.01,0.00,-0.01,0.00,0.00,0.01,0.01,0.01,-0.00,-0.01,0.00,-0.05,-0.03,0.01,-0.00,0.01,0.01,-0.00,0.01,-0.00,-0.00,0.02,0.00,0.01,0.00,-0.00,0.03,-0.01,-0.06,-0.00,0.02,-0.00,0.00,0.01,0.00
Olr1670_42827-LI,0.02,0.00,0.02,0.00,0.00,-0.00,0.01,-0.00,0.01,0.01,-0.01,-0.00,0.01,0.01,0.01,0.01,0.01,-0.01,0.00,0.00,0.03,0.00,0.01,-0.01,-0.00,-0.00,-0.01,0.00,0.02,0.02,-0.01,0.01,-0.05,0.01,-0.02,-0.00,0.02,0.00,0.01,0.01,0.00,0.01,0.01,-0.01,-0.00,0.01,-0.01,-0.03,0.01,-0.00
Tspan12_32937-LI,0.05,-0.01,-0.20,0.03,0.02,-0.14,-0.03,-0.05,0.04,0.01,-0.08,0.04,0.16,-0.12,0.01,-0.08,-0.15,-0.04,0.07,-0.01,0.16,0.20,0.01,-0.09,-0.12,-0.09,-0.15,0.13,0.17,0.21,-0.10,0.21,-0.08,0.07,0.05,-0.07,0.03,-0.22,0.10,-0.03,-0.72,0.06,0.12,-0.01,0.17,0.15,0.03,0.07,0.14,-0.08
Clip4_53043-LI,0.02,0.06,0.03,0.02,-0.02,-0.01,-0.01,-0.06,-0.10,-0.05,-0.09,0.05,-0.05,0.02,-0.10,-0.00,0.00,-0.01,0.01,0.01,-0.06,0.04,-0.04,-0.03,0.01,0.02,0.04,-0.01,-0.14,-0.02,-0.02,0.04,0.04,-0.01,-0.04,-0.05,0.00,-0.02,0.06,-0.06,-0.03,-0.06,-0.03,0.00,-0.01,-0.01,0.02,0.02,-0.03,-0.03
Map3k6_38555-LI,0.07,0.04,-0.02,-0.11,0.11,-0.09,-0.04,-0.01,0.16,0.03,-0.14,0.04,-0.03,0.01,-0.14,0.28,0.19,-0.02,0.16,-0.02,0.01,0.01,0.04,-0.00,0.12,-0.07,-0.01,-0.06,0.09,0.12,-0.06,0.06,0.53,0.10,-0.15,-0.20,0.17,0.24,0.12,0.09,0.10,-0.06,-0.10,0.21,-0.07,-0.09,-0.01,0.01,-0.39,-0.28
Stx2_42498-LI,0.02,-0.00,0.02,-0.00,-0.00,-0.02,-0.00,-0.00,-0.02,0.01,-0.01,-0.00,0.01,0.01,0.01,0.00,-0.01,-0.03,0.00,-0.03,0.00,-0.01,0.03,-0.00,-0.01,0.00,-0.01,-0.00,-0.06,-0.01,-0.01,0.01,0.04,-0.01,-0.00,-0.00,0.00,-0.00,0.00,0.01,0.00,-0.00,0.01,-0.05,-0.02,0.00,-0.01,0.01,-0.02,-0.02
Rbx1_50069-LI,0.11,0.08,0.12,0.03,-0.02,0.07,0.15,0.04,0.04,0.12,-0.02,0.14,0.13,-0.02,0.06,0.13,0.06,0.01,0.06,0.11,0.06,0.17,0.06,0.12,0.01,-0.05,0.14,0.03,0.12,-0.01,-0.06,0.12,0.20,0.06,0.07,-0.05,0.18,0.20,0.15,0.15,0.12,0.10,0.13,0.01,0.07,0.05,0.11,0.12,0.18,0.08
Cdk14_34696-LI,-0.06,-0.10,-0.04,-0.04,-0.15,-0.11,-0.10,-0.09,-0.04,0.11,-0.17,-0.01,-0.15,-0.07,-0.21,-0.11,-0.06,-0.07,-0.00,-0.05,-0.16,-0.05,-0.02,-0.18,-0.17,-0.07,-0.06,-0.01,-0.14,-0.10,-0.09,-0.12,-0.07,-0.09,-0.10,-0.07,-0.01,-0.12,0.02,-0.08,-0.19,-0.11,-0.17,-0.04,-0.02,-0.07,-0.10,0.00,-0.11,-0.18
Aadacl3_36191-LI,0.03,0.01,0.03,0.01,0.01,0.00,0.02,-0.00,-0.00,0.02,0.00,0.01,0.01,0.01,0.01,0.00,0.02,-0.00,0.01,0.01,-0.01,0.01,0.03,0.00,-0.00,0.00,0.00,-0.01,0.01,-0.03,-0.00,0.01,0.01,0.01,0.01,0.00,0.00,0.01,0.01,0.01,-0.00,-0.00,0.01,0.03,0.00,0.01,-0.00,0.01,0.01,-0.09
Senp17_37957-LI,0.02,0.01,0.01,-0.00,-0.00,-0.01,-0.00,-0.01,-0.01,0.01,-0.02,0.00,0.01,0.01,0.01,0.00,0.00,-0.01,0.01,-0.00,0.04,-0.00,0.00,-0.01,-0.01,-0.00,-0.01,-0.01,0.00,0.00,0.01,0.01,-0.03,0.00,-0.02,0.01,-0.00,-0.01,0.01,0.01,-0.00,-0.00,0.00,-0.13,-0.01,0.01,-0.01,-0.00,-0.00,0.01
LOC100361854_43953-LI,0.09,0.13,0.14,-0.07,0.07,0.06,0.12,0.06,0.12,0.13,-0.08,0.10,-0.03,0.02,-0.09,0.16,0.10,0.01,-0.04,0.04,0.09,0.07,0.02,-0.00,0.11,0.01,0.16,0.11,0.14,0.04,0.00,0.22,0.18,0.11,0.13,-0.07,0.17,0.10,0.20,0.16,0.20,0.12,0.11,-0.10,0.02,0.12,0.00,0.15,0.03,0.00
Socs7_52317-LI,-0.03,-0.11,-0.07,-0.06,-0.07,-0.02,-0.01,-0.00,-0.00,0.04,-0.17,0.03,-0.01,0.08,-0.01,-0.09,-0.01,0.02,-0.01,-0.07,-0.07,-0.08,-0.20,-0.07,-0.13,-0.02,-0.04,-0.06,-0.08,-0.02,-0.07,-0.07,0.00,-0.06,-0.14,-0.12,-0.01,-0.02,0.10,0.01,-0.09,-0.02,-0.02,-0.04,-0.07,-0.12,0.01,0.03,0.07,-0.12
Rhcg_42076-LI,0.01,0.00,0.00,-0.00,0.01,-0.00,-0.01,-0.01,0.02,0.00,-0.03,0.00,-0.01,-0.00,0.00,0.04,0.00,-0.03,0.02,0.00,0.02,0.00,0.00,0.00,0.00,-0.01,-0.01,-0.04,0.01,-0.00,-0.00,0.01,-0.01,-0.00,0.01,0.00,0.02,-0.00,-0.01,0.02,-0.03,0.00,0.00,-0.02,-0.06,0.01,-0.01,-0.01,0.01,0.08
Hist1h1e_41692-LI,-0.06,-0.34,-0.12,-0.02,-0.19,0.02,-0.33,-0.24,-0.20,-0.18,-0.31,-0.21,-0.26,-0.29,-0.07,-0.09,-0.17,-0.10,-0.14,-0.16,-0.33,-0.34,-0.10,-0.18,-0.11,-0.28,-0.03,-0.04,-0.10,-0.26,-0.01,-0.43,0.07,-0.07,-0.09,-0.08,-0.09,-0.19,-0.14,-0.08,-0.23,-0.30,-0.36,-0.34,-0.09,-0.17,-0.17,0.16,-0.38,-0.25
Drc1_45862-LI,0.02,-0.01,0.01,-0.01,0.01,0.01,0.00,-0.02,0.00,-0.08,0.00,-0.01,0.01,0.02,0.01,-0.04,-0.01,-0.01,0.01,0.01,0.01,0.00,-0.04,-0.01,-0.01,0.01,0.01,0.04,0.15,-0.07,0.01,0.00,-0.01,-0.01,-0.02,-0.00,0.01,0.02,0.01,0.00,-0.00,0.00,0.06,-0.02,-0.00,0.01,0.00,-0.00,0.00,-0.00
Ankrd7_44607-LI,0.03,-0.00,0.04,0.01,0.01,-0.00,0.01,0.01,-0.01,0.04,-0.00,0.02,0.03,0.04,0.02,0.01,0.00,-0.01,0.04,0.00,0.01,-0.00,0.02,-0.00,-0.00,0.02,0.01,-0.01,0.01,-0.01,0.05,-0.00,0.00,-0.01,-0.01,-0.01,-0.03,0.02,-0.01,0.02,-0.00,0.01,0.01,-0.04,0.05,0.01,0.01,-0.02,0.01,-0.07
Dpm2_8491-LI,-0.10,-0.07,0.06,-0.05,-0.16,-0.22,-0.01,-0.12,-0.12,0.06,-0.23,0.11,-0.03,-0.19,-0.03,-0.01,-0.09,-0.16,-0.02,-0.09,-0.10,0.06,-0.06,-0.04,-0.07,-0.14,-0.03,0.03,-0.07,0.07,-0.08,0.03,-0.17,-0.14,-0.10,-0.22,-0.01,-0.06,0.17,0.02,-0.12,0.01,-0.17,-0.03,-0.04,0.04,-0.10,0.20,0.21,-0.04
Atp2c2_51529-LI,0.02,0.02,0.03,-0.02,0.04,-0.02,-0.01,-0.01,0.03,0.01,-0.07,0.03,0.03,0.00,-0.05,-0.03,-0.00,-0.01,-0.04,-0.00,0.02,-0.00,-0.02,-0.03,0.03,-0.00,-0.05,0.02,-0.04,-0.01,-0.08,-0.00,-0.10,-0.02,-0.04,-0.03,-0.00,-0.06,0.04,0.01,-0.06,-0.02,-0.01,0.09,0.02,-0.01,-0.01,0.00,-0.01,-0.02
Tacc2_52450-LI,-0.05,0.11,-0.10,-0.13,-0.10,-0.17,0.01,0.06,-0.04,0.22,-0.20,0.08,-0.13,0.16,-0.08,-0.05,0.06,-0.07,-0.08,-0.08,-0.20,-0.06,-0.15,-0.21,-0.09,0.20,0.06,0.04,-0.09,-0.04,-0.13,0.03,0.18,-0.04,-0.01,-0.06,-0.05,-0.27,0.20,-0.14,-0.16,-0.09,-0.13,-0.36,0.01,-0.01,-0.11,0.04,-0.07,-0.12
Zfp710_53317-LI,-0.09,-0.21,-0.11,-0.06,-0.14,-0.07,-0.10,-0.17,-0.13,-0.04,-0.27,-0.00,-0.18,-0.03,-0.13,-0.10,-0.15,-0.09,-0.21,-0.18,-0.20,-0.07,-0.13,-0.12,-0.13,-0.04,-0.09,-0.06,-0.11,-0.22,-0.04,-0.18,-0.02,-0.24,-0.16,-0.17,-0.10,-0.47,0.10,-0.15,-0.17,-0.18,-0.27,-0.37,-0.18,-0.15,-0.12,0.02,-0.05,-0.06
Rprd1a_48547-LI,0.03,-0.07,0.01,-0.00,-0.07,-0.06,0.03,0.01,-0.05,0.14,-0.16,0.11,0.00,0.04,0.02,-0.04,-0.04,-0.05,0.02,-0.03,-0.08,0.08,-0.16,-0.07,0.00,-0.05,-0.03,-0.00,0.15,0.03,-0.02,-0.03,-0.13,-0.09,-0.05,-0.10,0.01,-0.12,0.12,-0.01,-0.12,0.04,0.03,0.12,-0.04,-0.04,0.02,0.13,0.02,-0.00
Cyp2a3_46409-LI,0.32,0.03,0.43,0.81,0.28,0.18,0.39,0.16,0.28,0.09,0.68,0.02,0.21,0.10,0.23,-0.05,-0.22,0.29,0.84,0.30,0.41,0.02,0.39,0.28,0.07,0.06,0.20,0.02,0.18,0.09,0.42,0.10,0.65,0.80,0.68,0.63,0.14,-0.05,-0.12,0.21,0.50,0.26,0.04,-0.08,0.62,0.22,0.23,-0.04,0.44,0.02
Ces2j_48241-LI,0.02,0.01,0.02,-0.01,0.00,-0.01,-0.01,-0.00,-0.01,0.16,-0.01,0.01,-0.02,0.04,0.01,-0.00,-0.01,-0.01,-0.01,0.00,-0.00,0.00,0.00,-0.03,-0.01,0.01,-0.03,-0.00,0.01,-0.01,-0.05,0.01,0.02,-0.01,-0.01,-0.00,0.02,-0.01,0.01,-0.00,-0.02,0.03,0.02,0.04,0.00,0.00,0.00,-0.01,0.01,-0.01
Olr1012_46861-LI,0.02,0.00,0.03,0.00,0.00,-0.00,-0.01,-0.00,0.01,-0.05,-0.01,0.01,0.01,0.00,0.01,0.01,0.01,-0.01,0.01,-0.00,0.01,0.01,0.00,0.00,-0.01,-0.00,0.00,0.01,0.01,-0.01,-0.00,0.01,0.01,0.00,-0.07,0.01,0.01,0.00,0.01,0.01,-0.00,-0.00,0.00,-0.06,-0.01,0.01,-0.01,-0.00,0.01,0.02
LOC686748_34722-LI,0.02,-0.00,0.03,0.00,0.01,-0.00,0.01,-0.00,-0.00,0.01,-0.00,0.01,0.01,0.00,0.01,-0.00,-0.00,-0.02,0.01,-0.00,0.00,0.03,-0.00,0.00,-0.01,-0.01,-0.01,-0.00,-0.03,-0.01,-0.00,-0.01,-0.02,-0.00,0.03,0.00,0.01,0.02,0.01,0.01,0.00,-0.00,0.01,-0.03,-0.00,0.02,-0.01,-0.00,0.01,0.03
Lcn5_53715-LI,0.02,0.00,0.02,-0.01,-0.00,-0.01,-0.01,-0.01,-0.01,0.01,-0.01,-0.01,0.01,0.00,-0.02,-0.00,0.00,-0.02,-0.00,-0.00,0.01,0.00,-0.01,0.01,-0.01,0.00,0.00,-0.01,-0.05,-0.01,-0.00,0.00,-0.02,-0.00,0.01,-0.01,0.04,0.00,-0.00,0.01,-0.00,-0.00,-0.01,-0.07,-0.01,0.00,-0.02,-0.00,-0.03,0.06
